{"deviceType":"phone","buildMode":"debug","note":"false","logLevel":"3","isPreview":"true","port":"29904","checkEntry":"true","localPropertiesPath":"C:\\Users\\lg1\\Desktop\\NewestApplication\\MyApplication\\local.properties","Path":"D:\\DEVEco Studio\\tools\\node\\","aceProfilePath":"C:\\Users\\lg1\\Desktop\\NewestApplication\\MyApplication\\entry\\.preview\\default\\intermediates\\res\\default\\resources\\base\\profile","hapMode":"false","img2bin":"true","projectProfilePath":"C:\\Users\\lg1\\Desktop\\NewestApplication\\MyApplication\\build-profile.json5","watchMode":"true","appResource":"C:\\Users\\lg1\\Desktop\\NewestApplication\\MyApplication\\entry\\.preview\\default\\intermediates\\res\\default\\ResourceTable.txt","aceBuildJson":"C:\\Users\\lg1\\Desktop\\NewestApplication\\MyApplication\\entry\\.preview\\default\\intermediates\\loader\\default\\loader.json","aceModuleRoot":"C:\\Users\\lg1\\Desktop\\NewestApplication\\MyApplication\\entry\\src\\main\\ets","aceSoPath":"C:\\Users\\lg1\\Desktop\\NewestApplication\\MyApplication\\entry\\.preview\\cache\\nativeDependencies.txt","cachePath":"C:\\Users\\lg1\\Desktop\\NewestApplication\\MyApplication\\entry\\.preview\\cache\\.default","aceModuleBuild":"C:\\Users\\lg1\\Desktop\\NewestApplication\\MyApplication\\entry\\.preview\\default\\intermediates\\assets\\default\\ets","aceModuleJsonPath":"C:\\Users\\lg1\\Desktop\\NewestApplication\\MyApplication\\entry\\.preview\\default\\intermediates\\res\\default\\module.json","stageRouterConfig":{"paths":["C:\\Users\\lg1\\Desktop\\NewestApplication\\MyApplication\\entry\\.preview\\default\\intermediates\\res\\default\\module.json","C:\\Users\\lg1\\Desktop\\NewestApplication\\MyApplication\\entry\\.preview\\default\\intermediates\\res\\default\\resources\\base\\profile\\main_pages.json"],"contents":["{\"module\":{\"pages\":\"$profile:main_pages\",\"name\":\"entry\"}}","{\"src\":[\"pages/MainPage\",\"pages/Login\",\"pages/InterestTag\",\"pages/PersonInformation\",\"pages/My\",\"pages/buyPage\",\"pages/Study\",\"pages/SearchClass\",\"pages/settings/AboutPage\",\"pages/settings/AccountSecurity\",\"pages/settings/ClearCache\",\"pages/settings/EyeCareMode\",\"pages/settings/LogoutPage\",\"pages/settings/NotificationSettings\",\"pages/settings/ParentalControl\",\"pages/settings/PersonalizedRecommend\",\"pages/settings/PrivacyList\",\"pages/settings/ProfileSettings\",\"pages/settings/SystemSettingsPage\",\"pages/settings/ThirdPartyShare\"]}"]}}