{
  "entry|entry|1.0.0|src/main/ets/entryability/EntryAbility.ts": {
    "version": 3,
    "file": "EntryAbility.ets",
    "sourceRoot": "",
    "sources": [
      "entry/src/main/ets/entryability/EntryAbility.ets"
    ],
    "names": [],
    "mappings": "YAAS,eAAe;OAAE,qBAAqB;OAAE,SAAS;YAAE,IAAI;OACvD,KAAK;YACL,MAAM;AAEf,MAAM,MAAM,GAAG,MAAM,CAAC;AAEtB,MAAM,CAAC,OAAO,OAAO,YAAa,SAAQ,SAAS;IACjD,QAAQ,CAAC,IAAI,EAAE,IAAI,EAAE,WAAW,EAAE,eAAe,CAAC,WAAW,GAAG,IAAI;QAClE,IAAI,CAAC,OAAO,CAAC,qBAAqB,EAAE,CAAC,YAAY,CAAC,qBAAqB,CAAC,SAAS,CAAC,kBAAkB,CAAC,CAAC;QACtG,KAAK,CAAC,IAAI,CAAC,MAAM,EAAE,SAAS,EAAE,YAAY,EAAE,kBAAkB,CAAC,CAAC;IAClE,CAAC;IAED,SAAS,IAAI,IAAI;QACf,KAAK,CAAC,IAAI,CAAC,MAAM,EAAE,SAAS,EAAE,YAAY,EAAE,mBAAmB,CAAC,CAAC;IACnE,CAAC;IAED,mBAAmB,CAAC,WAAW,EAAE,MAAM,CAAC,WAAW,GAAG,IAAI;QACxD,yDAAyD;QACzD,KAAK,CAAC,IAAI,CAAC,MAAM,EAAE,SAAS,EAAE,YAAY,EAAE,6BAA6B,CAAC,CAAC;QAE3E,WAAW,CAAC,WAAW,CAAC,aAAa,EAAE,CAAC,GAAG,EAAE,EAAE;YAC7C,IAAI,GAAG,CAAC,IAAI,EAAE;gBACZ,KAAK,CAAC,KAAK,CAAC,MAAM,EAAE,SAAS,EAAE,+CAA+C,EAAE,IAAI,CAAC,SAAS,CAAC,GAAG,CAAC,CAAC,CAAC;gBACrG,OAAO;aACR;YACD,KAAK,CAAC,IAAI,CAAC,MAAM,EAAE,SAAS,EAAE,mCAAmC,CAAC,CAAC;QACrE,CAAC,CAAC,CAAC;IACL,CAAC;IAED,oBAAoB,IAAI,IAAI;QAC1B,yDAAyD;QACzD,KAAK,CAAC,IAAI,CAAC,MAAM,EAAE,SAAS,EAAE,YAAY,EAAE,8BAA8B,CAAC,CAAC;IAC9E,CAAC;IAED,YAAY,IAAI,IAAI;QAClB,oCAAoC;QACpC,KAAK,CAAC,IAAI,CAAC,MAAM,EAAE,SAAS,EAAE,YAAY,EAAE,sBAAsB,CAAC,CAAC;IACtE,CAAC;IAED,YAAY,IAAI,IAAI;QAClB,iCAAiC;QACjC,KAAK,CAAC,IAAI,CAAC,MAAM,EAAE,SAAS,EAAE,YAAY,EAAE,sBAAsB,CAAC,CAAC;IACtE,CAAC;CACF",
    "entry-package-info": "entry|1.0.0"
  },
  "entry|entry|1.0.0|src/main/ets/entrybackupability/EntryBackupAbility.ts": {
    "version": 3,
    "file": "EntryBackupAbility.ets",
    "sourceRoot": "",
    "sources": [
      "entry/src/main/ets/entrybackupability/EntryBackupAbility.ets"
    ],
    "names": [],
    "mappings": "OAAS,KAAK;OACL,sBAAsB;cAAE,aAAa,IAAb,aAAa;AAE9C,MAAM,MAAM,GAAG,MAAM,CAAC;AAEtB,MAAM,CAAC,OAAO,OAAO,kBAAmB,SAAQ,sBAAsB;IACpE,KAAK,CAAC,QAAQ;QACZ,KAAK,CAAC,IAAI,CAAC,MAAM,EAAE,SAAS,EAAE,aAAa,CAAC,CAAC;QAC7C,MAAM,OAAO,CAAC,OAAO,EAAE,CAAC;IAC1B,CAAC;IAED,KAAK,CAAC,SAAS,CAAC,aAAa,EAAE,aAAa;QAC1C,KAAK,CAAC,IAAI,CAAC,MAAM,EAAE,SAAS,EAAE,yBAAyB,EAAE,IAAI,CAAC,SAAS,CAAC,aAAa,CAAC,CAAC,CAAC;QACxF,MAAM,OAAO,CAAC,OAAO,EAAE,CAAC;IAC1B,CAAC;CACF",
    "entry-package-info": "entry|1.0.0"
  },
  "entry|entry|1.0.0|src/main/ets/pages/buyPage.ts": {
    "version": 3,
    "file": "buyPage.ets",
    "sourceRoot": "",
    "sources": [
      "entry/src/main/ets/pages/buyPage.ets"
    ],
    "names": [],
    "mappings": ";;;;IAIS,OAAO,GAAG,OAAO;IACjB,KAAK,GAAG,OAAO;;OALf,MAAM;MAGR,MAAM;IAFb;;;;;sDAG6B,KAAK;oDACP,KAAK;;;KALG;;;;;;;;;;;;;;;;;;;;;IAIjC,4CAAiB,OAAO,EAAQ;QAAzB,OAAO;;;QAAP,OAAO,WAAG,OAAO;;;IACxB,0CAAe,OAAO,EAAQ;QAAvB,KAAK;;;QAAL,KAAK,WAAG,OAAO;;;IAEtB;;YACE,KAAK,QAAC,EAAE,YAAY,EAAE,SAAS,CAAC,MAAM,EAAE;;YAAxC,KAAK,CA2gBJ,KAAK,CAAC,MAAM;YA3gBb,KAAK,CA4gBJ,MAAM,CAAC,MAAM;;;;YA3gBZ,OAAO;YACP,IAAI,IAAI,CAAC,OAAO,EAAC;;;wBACf,MAAM;;wBAAN,MAAM,CAsCL,MAAM,CAAC,CAAC;wBAtCT,MAAM,CAuCL,KAAK,CAAC,MAAM;wBAvCb,MAAM,CAwCL,MAAM,CAAC,MAAM;wBAxCd,MAAM,CAyCL,cAAc,CAAC,SAAS,CAAC,MAAM;wBAzChC,MAAM,CA0CL,eAAe,CAAC,iBAAiB;;;wBAzChC,MAAM;;wBAAN,MAAM,CAgCL,OAAO,CAAC,EAAE;wBAhCX,MAAM,CAiCL,eAAe,CAAC,SAAS;wBAjC1B,MAAM,CAkCL,YAAY,CAAC,EAAE;wBAlChB,MAAM,CAmCL,KAAK,CAAC,KAAK;;;wBAlCV,IAAI,QAAC,MAAM;;wBAAX,IAAI,CACD,QAAQ,CAAC,EAAE;wBADd,IAAI,CAED,MAAM,CAAC,EAAE,MAAM,EAAE,EAAE,EAAE;;oBAFxB,IAAI;;wBAIJ,IAAI,QAAC,kBAAkB;;wBAAvB,IAAI,CACD,QAAQ,CAAC,EAAE;wBADd,IAAI,CAED,MAAM,CAAC,EAAE,MAAM,EAAE,EAAE,EAAE;;oBAFxB,IAAI;;wBAIJ,GAAG;;wBAAH,GAAG,CAoBF,KAAK,CAAC,MAAM;wBApBb,GAAG,CAqBF,cAAc,CAAC,SAAS,CAAC,YAAY;;;wBApBpC,MAAM,iBAAC,IAAI;;wBAAX,MAAM,CACH,KAAK,CAAC,KAAK;wBADd,MAAM,CAEH,MAAM,CAAC,EAAE;wBAFZ,MAAM,CAGH,eAAe,CAAC,SAAS;wBAH5B,MAAM,CAIH,SAAS,CAAC,SAAS;wBAJtB,MAAM,CAKH,OAAO,CAAC,GAAG,EAAE;4BACZ,IAAI,CAAC,OAAO,GAAG,KAAK,CAAC;wBACvB,CAAC;;oBAPH,MAAM;;wBASN,MAAM,iBAAC,MAAM;;wBAAb,MAAM,CACH,KAAK,CAAC,KAAK;wBADd,MAAM,CAEH,MAAM,CAAC,EAAE;wBAFZ,MAAM,CAGH,eAAe,CAAC,SAAS;wBAH5B,MAAM,CAIH,SAAS,CAAC,SAAS;wBAJtB,MAAM,CAKH,OAAO,CAAC,GAAG,EAAE;4BACZ,IAAI,CAAC,OAAO,GAAG,KAAK,CAAC;4BACrB,cAAc;wBAChB,CAAC;;oBARH,MAAM;oBAVR,GAAG;oBATL,MAAM;oBADR,MAAM;;aA4CP;YAED,OAAO;;;;aAFN;;;;;YAED,OAAO;YACP,IAAI,IAAI,CAAC,KAAK,EAAC;;;wBACb,MAAM;;wBAAN,MAAM,CA4DL,MAAM,CAAC,CAAC;wBA5DT,MAAM,CA6DL,KAAK,CAAC,MAAM;wBA7Db,MAAM,CA8DL,MAAM,CAAC,MAAM;wBA9Dd,MAAM,CA+DL,cAAc,CAAC,SAAS,CAAC,MAAM;wBA/DhC,MAAM,CAgEL,eAAe,CAAC,iBAAiB;;;wBA/DhC,MAAM;;wBAAN,MAAM,CAsDL,OAAO,CAAC,EAAE;wBAtDX,MAAM,CAuDL,eAAe,CAAC,SAAS;wBAvD1B,MAAM,CAwDL,YAAY,CAAC,EAAE;wBAxDhB,MAAM,CAyDL,KAAK,CAAC,KAAK;;;wBAxDV,IAAI,QAAC,MAAM;;wBAAX,IAAI,CACD,QAAQ,CAAC,EAAE;wBADd,IAAI,CAED,MAAM,CAAC,EAAE,MAAM,EAAE,EAAE,EAAE;;oBAFxB,IAAI;;wBAIJ,GAAG;;wBAAH,GAAG,CAMF,KAAK,CAAC,MAAM;wBANb,GAAG,CAOF,cAAc,CAAC,SAAS,CAAC,KAAK;wBAP/B,GAAG,CAQF,MAAM,CAAC,EAAE,MAAM,EAAE,CAAC,EAAE;;;wBAPnB,IAAI,QAAC,KAAK;;wBAAV,IAAI,CACD,QAAQ,CAAC,EAAE;;oBADd,IAAI;;wBAEJ,IAAI,QAAC,cAAc;;wBAAnB,IAAI,CACD,QAAQ,CAAC,EAAE;;oBADd,IAAI;oBAHN,GAAG;;wBAUH,GAAG;;wBAAH,GAAG,CAYF,KAAK,CAAC,MAAM;wBAZb,GAAG,CAaF,cAAc,CAAC,SAAS,CAAC,KAAK;wBAb/B,GAAG,CAcF,MAAM,CAAC,EAAE,MAAM,EAAE,EAAE,EAAE;;;wBAbpB,IAAI,QAAC,QAAQ;;wBAAb,IAAI,CACD,QAAQ,CAAC,EAAE;;oBADd,IAAI;;wBAEJ,IAAI,QAAC,OAAO;;wBAAZ,IAAI,CACD,QAAQ,CAAC,EAAE;wBADd,IAAI,CAED,SAAS,CAAC,SAAS;;oBAFtB,IAAI;;wBAGJ,IAAI,QAAC,QAAQ;;wBAAb,IAAI,CACD,QAAQ,CAAC,EAAE;wBADd,IAAI,CAED,SAAS,CAAC,SAAS;wBAFtB,IAAI,CAGD,MAAM,CAAC,EAAE,IAAI,EAAE,EAAE,EAAE;wBAHtB,IAAI,CAID,UAAU,CAAC,EAAE,IAAI,EAAE,kBAAkB,CAAC,WAAW,EAAE;;oBAJtD,IAAI;oBANN,GAAG;;wBAgBH,GAAG;;wBAAH,GAAG,CAoBF,KAAK,CAAC,MAAM;wBApBb,GAAG,CAqBF,cAAc,CAAC,SAAS,CAAC,YAAY;;;wBApBpC,MAAM,iBAAC,IAAI;;wBAAX,MAAM,CACH,KAAK,CAAC,KAAK;wBADd,MAAM,CAEH,MAAM,CAAC,EAAE;wBAFZ,MAAM,CAGH,eAAe,CAAC,SAAS;wBAH5B,MAAM,CAIH,SAAS,CAAC,SAAS;wBAJtB,MAAM,CAKH,OAAO,CAAC,GAAG,EAAE;4BACZ,IAAI,CAAC,KAAK,GAAG,KAAK,CAAC;wBACrB,CAAC;;oBAPH,MAAM;;wBASN,MAAM,iBAAC,MAAM;;wBAAb,MAAM,CACH,KAAK,CAAC,KAAK;wBADd,MAAM,CAEH,MAAM,CAAC,EAAE;wBAFZ,MAAM,CAGH,eAAe,CAAC,SAAS;wBAH5B,MAAM,CAIH,SAAS,CAAC,SAAS;wBAJtB,MAAM,CAKH,OAAO,CAAC,GAAG,EAAE;4BACZ,IAAI,CAAC,KAAK,GAAG,KAAK,CAAC;4BACnB,cAAc;wBAChB,CAAC;;oBARH,MAAM;oBAVR,GAAG;oBA/BL,MAAM;oBADR,MAAM;;aAiEP;YAED,QAAQ;;;;aAFP;;;;YAED,QAAQ;YACR,MAAM;;YADN,QAAQ;YACR,MAAM,CA8WL,KAAK,CAAC,MAAM;YA/Wb,QAAQ;YACR,MAAM,CA+WL,MAAM,CAAC,EAAC,MAAM,EAAC,GAAG,EAAC;;;YA9WlB,GAAG;;YAAH,GAAG,CAqBF,KAAK,CAAC,MAAM;YArBb,GAAG,CAsBF,MAAM,CAAC,EAAE;YAtBV,GAAG,CAuBF,eAAe,CAAC,SAAS;YAvB1B,GAAG,CAwBF,cAAc,CAAC,SAAS,CAAC,YAAY;YAxBtC,GAAG,CAyBF,UAAU,CAAC,aAAa,CAAC,MAAM;;;YAxB9B,KAAK,2CAAU,gBAAgB;;YAA/B,KAAK,CACF,KAAK,CAAC,EAAE;YADX,KAAK,CAEF,MAAM,CAAC,EAAE;YAFZ,KAAK,CAGF,MAAM,CAAC,EAAE,IAAI,EAAE,EAAE,EAAE;YAHtB,KAAK,CAIF,OAAO,CAAC,GAAG,EAAE;gBACZ,IAAI,CAAC,SAAS,EAAE,CAAA;YAClB,CAAC;;;YAEH,IAAI,QAAC,MAAM;;YAAX,IAAI,CACD,QAAQ,CAAC,EAAE;YADd,IAAI,CAED,UAAU,CAAC,UAAU,CAAC,MAAM;YAF/B,IAAI,CAGD,MAAM,CAAC,EAAE,IAAI,EAAE,EAAE,EAAE;;QAHtB,IAAI;;YAKJ,KAAK;;;QAAL,KAAK;;YAEL,KAAK,2CAAU,iBAAiB;;YAAhC,KAAK,CACF,KAAK,CAAC,EAAE;YADX,KAAK,CAEF,MAAM,CAAC,EAAE;YAFZ,KAAK,CAGF,MAAM,CAAC,EAAE,KAAK,EAAE,EAAE,EAAE;;QAnBzB,GAAG;;YA2BH,IAAI;;YAAJ,IAAI,CAgVH,MAAM,CAAC,MAAM;;;;;oBA9UV,MAAM;;oBAAN,MAAM,CA0KL,MAAM,CAAC,MAAM;;;oBAzKZ,MAAM;;oBAAN,MAAM,CAoKL,UAAU,CAAC,eAAe,CAAC,KAAK;oBApKjC,MAAM,CAqKL,cAAc,CAAC,SAAS,CAAC,KAAK;oBArK/B,MAAM,CAsKL,KAAK,CAAC,MAAM;oBAtKb,MAAM,CAuKL,OAAO,CAAC,EAAE;;;oBAtKT,KAAK,2CAAU,kBAAkB;;oBAAjC,KAAK,CACF,KAAK,CAAC,MAAM;oBADf,KAAK,CAEF,MAAM,CAAC,GAAG;oBAFb,KAAK,CAGF,SAAS,CAAC,QAAQ,CAAC,KAAK;;;oBAC3B,KAAK;oBACL,IAAI,QAAC,cAAc;;oBADnB,KAAK;oBACL,IAAI,CACD,QAAQ,CAAC,EAAE;oBAFd,KAAK;oBACL,IAAI,CAED,KAAK,CAAC,MAAM;oBAHf,KAAK;oBACL,IAAI,CAGD,SAAS,CAAC,SAAS,CAAC,KAAK;;gBAJ5B,KAAK;gBACL,IAAI;;oBAKJ,IAAI,QAAC,YAAY;;oBAAjB,IAAI,CACD,QAAQ,CAAC,EAAE;oBADd,IAAI,CAED,SAAS,CAAC,SAAS;oBAFtB,IAAI,CAGD,KAAK,CAAC,MAAM;oBAHf,IAAI,CAID,SAAS,CAAC,SAAS,CAAC,KAAK;;gBAJ5B,IAAI;;oBAMJ,KAAK;oBACL,GAAG;;oBADH,KAAK;oBACL,GAAG,CAiBF,KAAK,CAAC,MAAM;oBAlBb,KAAK;oBACL,GAAG,CAkBF,MAAM,CAAC,EAAE,GAAG,EAAE,EAAE,EAAE;;;oBAjBjB,IAAI,QAAC,OAAO;;oBAAZ,IAAI,CACD,QAAQ,CAAC,EAAE;oBADd,IAAI,CAED,SAAS,CAAC,SAAS;;gBAFtB,IAAI;;oBAIJ,IAAI,QAAC,QAAQ;;oBAAb,IAAI,CACD,QAAQ,CAAC,EAAE;oBADd,IAAI,CAED,SAAS,CAAC,SAAS;oBAFtB,IAAI,CAGD,MAAM,CAAC,EAAE,IAAI,EAAE,EAAE,EAAE;oBAHtB,IAAI,CAID,UAAU,CAAC,EAAE,IAAI,EAAE,kBAAkB,CAAC,WAAW,EAAE;;gBAJtD,IAAI;;oBAMJ,KAAK;;;gBAAL,KAAK;;oBAEL,IAAI,QAAC,UAAU;;oBAAf,IAAI,CACD,QAAQ,CAAC,EAAE;oBADd,IAAI,CAED,SAAS,CAAC,SAAS;;gBAFtB,IAAI;gBAdN,KAAK;gBACL,GAAG;;oBAoBH,OAAO;oBACP,GAAG;;oBADH,OAAO;oBACP,GAAG,CAQF,MAAM,CAAC,EAAC,GAAG,EAAC,EAAE,EAAC;oBAThB,OAAO;oBACP,GAAG,CASF,KAAK,CAAC,KAAK;;;oBARV,IAAI,QAAC,OAAO;;oBAAZ,IAAI,CACD,QAAQ,CAAC,EAAE;oBADd,IAAI,CAED,SAAS,CAAC,SAAS;;gBAFtB,IAAI;;oBAGJ,IAAI,QAAC,OAAO;;oBAAZ,IAAI,CACD,QAAQ,CAAC,EAAE;oBADd,IAAI,CAED,SAAS,CAAC,SAAS;;gBAFtB,IAAI;gBALN,OAAO;gBACP,GAAG;;oBAWH,GAAG;;oBAAH,GAAG,CAQF,MAAM,CAAC,EAAC,GAAG,EAAC,CAAC,EAAC;oBARf,GAAG,CASF,KAAK,CAAC,KAAK;;;oBARV,IAAI,QAAC,OAAO;;oBAAZ,IAAI,CACD,QAAQ,CAAC,EAAE;oBADd,IAAI,CAED,SAAS,CAAC,SAAS;;gBAFtB,IAAI;;oBAGJ,IAAI,QAAC,OAAO;;oBAAZ,IAAI,CACD,QAAQ,CAAC,EAAE;oBADd,IAAI,CAED,SAAS,CAAC,SAAS;;gBAFtB,IAAI;gBAJN,GAAG;;oBAWH,OAAO;oBACP,GAAG;;oBADH,OAAO;oBACP,GAAG,CAiDF,MAAM,CAAC,EAAC,GAAG,EAAC,EAAE,EAAC;oBAlDhB,OAAO;oBACP,GAAG,CAkDF,KAAK,CAAC,MAAM;;;oBAjDX,IAAI,QAAC,MAAM;;oBAAX,IAAI,CACD,QAAQ,CAAC,EAAE;oBADd,IAAI,CAED,OAAO,CAAC;wBACP,IAAI,EAAE,EAAE;wBACR,KAAK,EAAE,EAAE;wBACT,GAAG,EAAE,CAAC;wBACN,MAAM,EAAE,CAAC;qBACV;oBAPH,IAAI,CAQD,YAAY,CAAC,EAAE;oBARlB,IAAI,CASD,eAAe,CAAC,SAAS;oBAT5B,IAAI,CAUD,MAAM,CAAC,EAAE,KAAK,EAAE,CAAC,EAAE,MAAM,EAAE,CAAC,EAAE;;gBAVjC,IAAI;;oBAYJ,IAAI,QAAC,IAAI;;oBAAT,IAAI,CACD,QAAQ,CAAC,EAAE;oBADd,IAAI,CAED,OAAO,CAAC;wBACP,IAAI,EAAE,EAAE;wBACR,KAAK,EAAE,EAAE;wBACT,GAAG,EAAE,CAAC;wBACN,MAAM,EAAE,CAAC;qBACV;oBAPH,IAAI,CAQD,YAAY,CAAC,EAAE;oBARlB,IAAI,CASD,eAAe,CAAC,SAAS;oBAT5B,IAAI,CAUD,MAAM,CAAC,EAAE,KAAK,EAAE,CAAC,EAAE,MAAM,EAAE,CAAC,EAAE;;gBAVjC,IAAI;;oBAYJ,IAAI,QAAC,MAAM;;oBAAX,IAAI,CACD,QAAQ,CAAC,EAAE;oBADd,IAAI,CAED,OAAO,CAAC;wBACP,IAAI,EAAE,EAAE;wBACR,KAAK,EAAE,EAAE;wBACT,GAAG,EAAE,CAAC;wBACN,MAAM,EAAE,CAAC;qBACV;oBAPH,IAAI,CAQD,YAAY,CAAC,EAAE;oBARlB,IAAI,CASD,eAAe,CAAC,SAAS;oBAT5B,IAAI,CAUD,MAAM,CAAC,EAAE,KAAK,EAAE,CAAC,EAAE,MAAM,EAAE,CAAC,EAAE;;gBAVjC,IAAI;;oBAYJ,IAAI,QAAC,MAAM;;oBAAX,IAAI,CACD,QAAQ,CAAC,EAAE;oBADd,IAAI,CAED,OAAO,CAAC;wBACP,IAAI,EAAE,EAAE;wBACR,KAAK,EAAE,EAAE;wBACT,GAAG,EAAE,CAAC;wBACN,MAAM,EAAE,CAAC;qBACV;oBAPH,IAAI,CAQD,YAAY,CAAC,EAAE;oBARlB,IAAI,CASD,eAAe,CAAC,SAAS;oBAT5B,IAAI,CAUD,MAAM,CAAC,EAAE,MAAM,EAAE,CAAC,EAAE;;gBAVvB,IAAI;gBAtCN,OAAO;gBACP,GAAG;;oBAoDH,MAAM;oBACN,OAAO;;oBADP,MAAM;oBACN,OAAO,CACJ,WAAW,CAAC,CAAC;oBAFhB,MAAM;oBACN,OAAO,CAEJ,KAAK,CAAC,SAAS;oBAHlB,MAAM;oBACN,OAAO,CAGJ,MAAM,CAAC,EAAE,GAAG,EAAE,EAAE,EAAE,MAAM,EAAE,EAAE,EAAE;;;oBAEjC,IAAI,QAAC,MAAM;;oBAAX,IAAI,CACD,QAAQ,CAAC,EAAE;oBADd,IAAI,CAED,KAAK,CAAC,MAAM;oBAFf,IAAI,CAGD,SAAS,CAAC,SAAS,CAAC,KAAK;;gBAH5B,IAAI;;oBAKJ,SAAS;oBACT,IAAI,QAAC,0MAA0M;;oBAD/M,SAAS;oBACT,IAAI,CACD,QAAQ,CAAC,EAAE;oBAFd,SAAS;oBACT,IAAI,CAED,UAAU,CAAC,EAAE;oBAHhB,SAAS;oBACT,IAAI,CAGD,SAAS,CAAC,SAAS,CAAC,KAAK;oBAJ5B,SAAS;oBACT,IAAI,CAID,MAAM,CAAC,EAAE,GAAG,EAAE,CAAC,EAAE;;gBALpB,SAAS;gBACT,IAAI;;oBAMJ,OAAO;;oBAAP,OAAO,CACJ,WAAW,CAAC,CAAC;oBADhB,OAAO,CAEJ,KAAK,CAAC,SAAS;oBAFlB,OAAO,CAGJ,MAAM,CAAC,EAAE,GAAG,EAAE,EAAE,EAAE,MAAM,EAAE,EAAE,EAAE;;;oBAEjC,QAAQ;oBACR,IAAI,QAAC,KAAK;;oBADV,QAAQ;oBACR,IAAI,CACD,QAAQ,CAAC,EAAE;oBAFd,QAAQ;oBACR,IAAI,CAED,KAAK,CAAC,MAAM;oBAHf,QAAQ;oBACR,IAAI,CAGD,SAAS,CAAC,SAAS,CAAC,KAAK;;gBAJ5B,QAAQ;gBACR,IAAI;;oBAKJ,OAAO;oBACP,IAAI,QAAC,MAAM;;oBADX,OAAO;oBACP,IAAI,CACD,QAAQ,CAAC,EAAE;oBAFd,OAAO;oBACP,IAAI,CAED,KAAK,CAAC,MAAM;oBAHf,OAAO;oBACP,IAAI,CAGD,SAAS,CAAC,SAAS,CAAC,KAAK;oBAJ5B,OAAO;oBACP,IAAI,CAID,MAAM,CAAC,EAAE,GAAG,EAAE,CAAC,EAAE;;gBALpB,OAAO;gBACP,IAAI;;oBAMJ,IAAI,QAAC,QAAQ;;oBAAb,IAAI,CACD,QAAQ,CAAC,EAAE;oBADd,IAAI,CAED,SAAS,CAAC,SAAS;oBAFtB,IAAI,CAGD,KAAK,CAAC,MAAM;oBAHf,IAAI,CAID,SAAS,CAAC,SAAS,CAAC,KAAK;oBAJ5B,IAAI,CAKD,MAAM,CAAC,EAAE,GAAG,EAAE,CAAC,EAAE;;gBALpB,IAAI;;oBAOJ,IAAI,QAAC,WAAW;;oBAAhB,IAAI,CACD,QAAQ,CAAC,EAAE;oBADd,IAAI,CAED,UAAU,CAAC,UAAU,CAAC,IAAI;oBAF7B,IAAI,CAGD,KAAK,CAAC,MAAM;oBAHf,IAAI,CAID,SAAS,CAAC,SAAS,CAAC,KAAK;oBAJ5B,IAAI,CAKD,MAAM,CAAC,EAAE,GAAG,EAAE,CAAC,EAAE;;gBALpB,IAAI;gBA7JN,MAAM;gBADR,MAAM;;uBA2KN,MAAM,CAAC,IAAI;;;;;;;oBAEX,MAAM;;oBAAN,MAAM,CA6JL,KAAK,CAAC,MAAM;oBA7Jb,MAAM,CA8JL,MAAM,CAAC,MAAM;;;oBA7JZ,MAAM;;oBAAN,MAAM,CAyJL,KAAK,CAAC,MAAM;oBAzJb,MAAM,CA0JL,OAAO,CAAC,EAAE;;;oBAzJT,GAAG;;oBAAH,GAAG,CASF,KAAK,CAAC,MAAM;oBATb,GAAG,CAUF,UAAU,CAAC,aAAa,CAAC,GAAG;oBAV7B,GAAG,CAWF,cAAc,CAAC,SAAS,CAAC,YAAY;;;oBAVpC,IAAI,QAAC,OAAO;;oBAAZ,IAAI,CACD,QAAQ,CAAC,EAAE;oBADd,IAAI,CAED,SAAS,CAAC,SAAS;;gBAFtB,IAAI;;oBAIJ,IAAI,QAAC,SAAS;;oBAAd,IAAI,CACD,QAAQ,CAAC,EAAE;oBADd,IAAI,CAED,SAAS,CAAC,SAAS;;gBAFtB,IAAI;gBALN,GAAG;;oBAaH,MAAM;;oBAAN,MAAM,CAcL,KAAK,CAAC,MAAM;oBAdb,MAAM,CAeL,MAAM,CAAC,EAAC,GAAG,EAAC,EAAE,EAAC;oBAfhB,MAAM,CAgBL,UAAU,CAAC,eAAe,CAAC,KAAK;;;oBAf/B,IAAI,QAAC,YAAY;;;gBAAjB,IAAI;;oBACJ,GAAG;;;;oBACD,KAAK,2CAAU,kBAAkB;;oBAAjC,KAAK,CACF,KAAK,CAAC,EAAE;;;oBACX,IAAI,QAAC,UAAU;;oBAAf,IAAI,CACD,SAAS,CAAC,SAAS;;gBADtB,IAAI;gBAHN,GAAG;;oBAOH,OAAO;;oBAAP,OAAO,CACJ,WAAW,CAAC,CAAC;oBADhB,OAAO,CAEJ,KAAK,CAAC,SAAS;oBAFlB,OAAO,CAGJ,MAAM,CAAC,EAAE,GAAG,EAAE,EAAE,EAAG,MAAM,EAAE,EAAE,EAAE;;gBAZpC,MAAM;;oBAkBN,MAAM;;oBAAN,MAAM,CAcL,KAAK,CAAC,MAAM;oBAdb,MAAM,CAeL,UAAU,CAAC,eAAe,CAAC,KAAK;;;oBAd/B,IAAI,QAAC,WAAW;;;gBAAhB,IAAI;;oBACJ,GAAG;;;;oBACD,KAAK,2CAAU,kBAAkB;;oBAAjC,KAAK,CACF,KAAK,CAAC,EAAE;;;oBACX,IAAI,QAAC,UAAU;;oBAAf,IAAI,CACD,SAAS,CAAC,SAAS;;gBADtB,IAAI;gBAHN,GAAG;;oBAOH,OAAO;;oBAAP,OAAO,CACJ,WAAW,CAAC,CAAC;oBADhB,OAAO,CAEJ,KAAK,CAAC,SAAS;oBAFlB,OAAO,CAGJ,MAAM,CAAC,EAAE,GAAG,EAAE,EAAE,EAAG,MAAM,EAAE,EAAE,EAAE;;gBAZpC,MAAM;;oBAiBN,MAAM;;oBAAN,MAAM,CAcL,KAAK,CAAC,MAAM;oBAdb,MAAM,CAeL,UAAU,CAAC,eAAe,CAAC,KAAK;;;oBAd/B,IAAI,QAAC,QAAQ;;;gBAAb,IAAI;;oBACJ,GAAG;;;;oBACD,KAAK,2CAAU,kBAAkB;;oBAAjC,KAAK,CACF,KAAK,CAAC,EAAE;;;oBACX,IAAI,QAAC,UAAU;;oBAAf,IAAI,CACD,SAAS,CAAC,SAAS;;gBADtB,IAAI;gBAHN,GAAG;;oBAOH,OAAO;;oBAAP,OAAO,CACJ,WAAW,CAAC,CAAC;oBADhB,OAAO,CAEJ,KAAK,CAAC,SAAS;oBAFlB,OAAO,CAGJ,MAAM,CAAC,EAAE,GAAG,EAAE,EAAE,EAAG,MAAM,EAAE,EAAE,EAAE;;gBAZpC,MAAM;;oBAiBN,MAAM;;oBAAN,MAAM,CAcL,KAAK,CAAC,MAAM;oBAdb,MAAM,CAeL,UAAU,CAAC,eAAe,CAAC,KAAK;;;oBAd/B,IAAI,QAAC,QAAQ;;;gBAAb,IAAI;;oBACJ,GAAG;;;;oBACD,KAAK,2CAAU,kBAAkB;;oBAAjC,KAAK,CACF,KAAK,CAAC,EAAE;;;oBACX,IAAI,QAAC,UAAU;;oBAAf,IAAI,CACD,SAAS,CAAC,SAAS;;gBADtB,IAAI;gBAHN,GAAG;;oBAOH,OAAO;;oBAAP,OAAO,CACJ,WAAW,CAAC,CAAC;oBADhB,OAAO,CAEJ,KAAK,CAAC,SAAS;oBAFlB,OAAO,CAGJ,MAAM,CAAC,EAAE,GAAG,EAAE,EAAE,EAAG,MAAM,EAAE,EAAE,EAAE;;gBAZpC,MAAM;;oBAiBN,MAAM;;oBAAN,MAAM,CAcL,KAAK,CAAC,MAAM;oBAdb,MAAM,CAeL,UAAU,CAAC,eAAe,CAAC,KAAK;;;oBAd/B,IAAI,QAAC,QAAQ;;;gBAAb,IAAI;;oBACJ,GAAG;;;;oBACD,KAAK,2CAAU,kBAAkB;;oBAAjC,KAAK,CACF,KAAK,CAAC,EAAE;;;oBACX,IAAI,QAAC,UAAU;;oBAAf,IAAI,CACD,SAAS,CAAC,SAAS;;gBADtB,IAAI;gBAHN,GAAG;;oBAOH,OAAO;;oBAAP,OAAO,CACJ,WAAW,CAAC,CAAC;oBADhB,OAAO,CAEJ,KAAK,CAAC,SAAS;oBAFlB,OAAO,CAGJ,MAAM,CAAC,EAAE,GAAG,EAAE,EAAE,EAAG,MAAM,EAAE,EAAE,EAAE;;gBAZpC,MAAM;;oBAiBN,MAAM;;oBAAN,MAAM,CAcL,KAAK,CAAC,MAAM;oBAdb,MAAM,CAeL,UAAU,CAAC,eAAe,CAAC,KAAK;;;oBAd/B,IAAI,QAAC,OAAO;;;gBAAZ,IAAI;;oBACJ,GAAG;;;;oBACD,KAAK,2CAAU,kBAAkB;;oBAAjC,KAAK,CACF,KAAK,CAAC,EAAE;;;oBACX,IAAI,QAAC,UAAU;;oBAAf,IAAI,CACD,SAAS,CAAC,SAAS;;gBADtB,IAAI;gBAHN,GAAG;;oBAOH,OAAO;;oBAAP,OAAO,CACJ,WAAW,CAAC,CAAC;oBADhB,OAAO,CAEJ,KAAK,CAAC,SAAS;oBAFlB,OAAO,CAGJ,MAAM,CAAC,EAAE,GAAG,EAAE,EAAE,EAAG,MAAM,EAAE,EAAE,EAAE;;gBAZpC,MAAM;;oBAiBN,MAAM;;oBAAN,MAAM,CAcL,KAAK,CAAC,MAAM;oBAdb,MAAM,CAeL,UAAU,CAAC,eAAe,CAAC,KAAK;;;oBAd/B,IAAI,QAAC,WAAW;;;gBAAhB,IAAI;;oBACJ,GAAG;;;;oBACD,KAAK,2CAAU,kBAAkB;;oBAAjC,KAAK,CACF,KAAK,CAAC,EAAE;;;oBACX,IAAI,QAAC,UAAU;;oBAAf,IAAI,CACD,SAAS,CAAC,SAAS;;gBADtB,IAAI;gBAHN,GAAG;;oBAOH,OAAO;;oBAAP,OAAO,CACJ,WAAW,CAAC,CAAC;oBADhB,OAAO,CAEJ,KAAK,CAAC,SAAS;oBAFlB,OAAO,CAGJ,MAAM,CAAC,EAAE,GAAG,EAAE,EAAE,EAAG,MAAM,EAAE,EAAE,EAAE;;gBAZpC,MAAM;;oBAiBN,MAAM;;oBAAN,MAAM,CAcL,KAAK,CAAC,MAAM;oBAdb,MAAM,CAeL,UAAU,CAAC,eAAe,CAAC,KAAK;;;oBAd/B,IAAI,QAAC,WAAW;;;gBAAhB,IAAI;;oBACJ,GAAG;;;;oBACD,KAAK,2CAAU,kBAAkB;;oBAAjC,KAAK,CACF,KAAK,CAAC,EAAE;;;oBACX,IAAI,QAAC,UAAU;;oBAAf,IAAI,CACD,SAAS,CAAC,SAAS;;gBADtB,IAAI;gBAHN,GAAG;;oBAOH,OAAO;;oBAAP,OAAO,CACJ,WAAW,CAAC,CAAC;oBADhB,OAAO,CAEJ,KAAK,CAAC,SAAS;oBAFlB,OAAO,CAGJ,MAAM,CAAC,EAAE,GAAG,EAAE,EAAE,EAAG,MAAM,EAAE,EAAE,EAAE;;gBAZpC,MAAM;gBAtIR,MAAM;gBADR,MAAM;;uBA+JN,MAAM,CAAC,IAAI;;;;QA9Uf,IAAI;QA7BN,QAAQ;QACR,MAAM;;YAiXN,KAAK;YACL,GAAG;;YADH,KAAK;YACL,GAAG,CAyBF,KAAK,CAAC,MAAM;YA1Bb,KAAK;YACL,GAAG,CA0BF,MAAM,CAAC,EAAE;YA3BV,KAAK;YACL,GAAG,CA2BF,UAAU,CAAC,aAAa,CAAC,MAAM;YA5BhC,KAAK;YACL,GAAG,CA4BF,cAAc,CAAC,SAAS,CAAC,MAAM;YA7BhC,KAAK;YACL,GAAG,CA6BF,eAAe,CAAC,SAAS;YA9B1B,KAAK;YACL,GAAG,CA8BF,MAAM,CAAC,EAAE,KAAK,EAAE,GAAG,EAAE,KAAK,EAAE,SAAS,EAAC;YA/BvC,KAAK;YACL,GAAG,CA+BF,OAAO,CAAC,EAAE,IAAI,EAAE,EAAE,EAAE,KAAK,EAAE,EAAE,EAAE;;;YA9B9B,OAAO;YACP,MAAM,iBAAC,IAAI,EAAE,EAAE,IAAI,EAAE,UAAU,CAAC,OAAO,EAAE,WAAW,EAAE,IAAI,EAAE;;YAD5D,OAAO;YACP,MAAM,CACH,KAAK,CAAC,KAAK;YAFd,OAAO;YACP,MAAM,CAEH,MAAM,CAAC,EAAE;YAHZ,OAAO;YACP,MAAM,CAGH,QAAQ,CAAC,EAAE;YAJd,OAAO;YACP,MAAM,CAIH,eAAe,CAAC,SAAS;YAL5B,OAAO;YACP,MAAM,CAKH,SAAS,CAAC,SAAS;YANtB,OAAO;YACP,MAAM,CAMH,MAAM,CAAC,EAAE,KAAK,EAAE,CAAC,EAAE,KAAK,EAAE,SAAS,EAAE;YAPxC,OAAO;YACP,MAAM,CAOH,MAAM,CAAC,EAAE,KAAK,EAAE,EAAE,EAAE;YARvB,OAAO;YACP,MAAM,CAQH,OAAO,CAAC,GAAG,EAAE;gBACZ,IAAI,CAAC,OAAO,GAAG,IAAI,CAAA;YACrB,CAAC;;QAXH,OAAO;QACP,MAAM;;YAYN,OAAO;YACP,MAAM,iBAAC,MAAM,EAAE,EAAE,IAAI,EAAE,UAAU,CAAC,OAAO,EAAE,WAAW,EAAE,IAAI,EAAE;;YAD9D,OAAO;YACP,MAAM,CACH,KAAK,CAAC,KAAK;YAFd,OAAO;YACP,MAAM,CAEH,MAAM,CAAC,EAAE;YAHZ,OAAO;YACP,MAAM,CAGH,QAAQ,CAAC,EAAE;YAJd,OAAO;YACP,MAAM,CAIH,eAAe,CAAC,SAAS;YAL5B,OAAO;YACP,MAAM,CAKH,SAAS,CAAC,SAAS;YANtB,OAAO;YACP,MAAM,CAMH,OAAO,CAAC,GAAG,EAAE;gBACZ,IAAI,CAAC,KAAK,GAAG,IAAI,CAAA;YACnB,CAAC;;QATH,OAAO;QACP,MAAM;QAhBR,KAAK;QACL,GAAG;QAzeL,KAAK;KA6gBN;IACD,SAAS;QAEP,MAAM,CAAC,OAAO,CAAC;YACb,GAAG,EAAC,gBAAgB;SACrB,CAAC,CAAA;IACJ,CAAC",
    "entry-package-info": "entry|1.0.0"
  },
  "entry|entry|1.0.0|src/main/ets/pages/common/components/SettingItem.ts": {
    "version": 3,
    "file": "SettingItem.ets",
    "sourceRoot": "",
    "sources": [
      "entry/src/main/ets/pages/common/components/SettingItem.ets"
    ],
    "names": [],
    "mappings": ";;;;IAIQ,KAAK,GAAE,MAAM;IACb,KAAK,GAAE,MAAM;IACb,aAAa,GAAE,OAAO;;OANvB,EAAE,MAAM,EAAE;AAGjB,MAAM,OAAQ,WAAW;IADzB;;;;;;;;;;KAFyC;;;qCAMR,KAAK,CAAE,cAAc;;;;;kCAF9C,KAAK;kCACL,KAAK;0CACL,aAAa;;;;;;;;;;;;;;IAFnB,+CAAa,MAAM,EAAA;QAAb,KAAK;;;QAAL,KAAK,WAAE,MAAM;;;IACnB,+CAAa,MAAM,EAAA;QAAb,KAAK;;;QAAL,KAAK,WAAE,MAAM;;;IACnB,uDAAqB,OAAO,EAAQ,CAAE,cAAc;QAA9C,aAAa;;;QAAb,aAAa,WAAE,OAAO;;;IAE5B;;;YACE,cAAc;YACd,IAAI,IAAI,CAAC,aAAa,EAAE;;;wBACtB,MAAM,iBAAC,IAAI,CAAC,KAAK;;wBAAjB,MAAM,CACH,QAAQ,CAAC,EAAE;wBADd,MAAM,CAEH,SAAS,CAAC,KAAK,CAAC,KAAK;wBAFxB,MAAM,CAGH,eAAe,CAAC,KAAK,CAAC,GAAG;wBAH5B,MAAM,CAIH,YAAY,CAAC,EAAE;wBAJlB,MAAM,CAKH,OAAO,CAAC,EAAE;wBALb,MAAM,CAMH,MAAM,CAAC,EAAE,GAAG,EAAE,EAAE,EAAE,MAAM,EAAE,EAAE,EAAE;wBANjC,MAAM,CAOH,KAAK,CAAC,MAAM;wBAPf,MAAM,CAQH,OAAO,CAAC,GAAG,EAAE;4BACZ,MAAM,CAAC,IAAI,CAAC,IAAI,CAAC,KAAK,CAAC,CAAA;wBACzB,CAAC;;oBAVH,MAAM;;aAWP;iBAAM;;;wBACL,GAAG;;wBAAH,GAAG,CAMF,OAAO,CAAC,EAAE;wBANX,GAAG,CAOF,eAAe,CAAC,SAAS;wBAP1B,GAAG,CAQF,YAAY,CAAC,CAAC;wBARf,GAAG,CASF,MAAM,CAAC,EAAE,MAAM,EAAE,EAAE,EAAE;wBATtB,GAAG,CAUF,OAAO,CAAC,GAAG,EAAE;4BACZ,MAAM,CAAC,IAAI,CAAC,IAAI,CAAC,KAAK,CAAC,CAAA;wBACzB,CAAC;wBAZD,GAAG,CAaF,cAAc,CAAC,SAAS,CAAC,YAAY;wBAbtC,GAAG,CAcF,UAAU,CAAC,aAAa,CAAC,MAAM;wBAdhC,GAAG,CAeF,KAAK,CAAC,MAAM;;;wBAdX,IAAI,QAAC,IAAI,CAAC,KAAK;;wBAAf,IAAI,CACD,QAAQ,CAAC,EAAE;;oBADd,IAAI;;wBAEJ,KAAK,2CAAU,yBAAyB;;wBAAxC,KAAK,CACF,KAAK,CAAC,EAAE;wBADX,KAAK,CACQ,MAAM,CAAC,EAAE;;oBAJxB,GAAG;;aAgBJ;;;KACF",
    "entry-package-info": "entry|1.0.0"
  },
  "entry|entry|1.0.0|src/main/ets/pages/common/constants/Routes.ts": {
    "version": 3,
    "file": "Routes.ts",
    "sourceRoot": "",
    "sources": [
      "entry/src/main/ets/pages/common/constants/Routes.ts"
    ],
    "names": [],
    "mappings": "AAAA,6BAA6B;AAC7B,MAAM,CAAC,MAAM,MAAM,GAAG;IACpB,OAAO,EAAE,gCAAgC;IACzC,OAAO,EAAE,gCAAgC;IACzC,MAAM,EAAE,qCAAqC;IAC7C,OAAO,EAAE,4BAA4B;IACrC,MAAM,EAAE,gCAAgC;IACxC,KAAK,EAAE,2BAA2B;IAClC,SAAS,EAAE,sCAAsC;IACjD,KAAK,EAAE,0BAA0B;IACjC,OAAO,EAAE,4BAA4B;IACrC,KAAK,EAAE,gCAAgC;IACvC,MAAM,EAAE,2BAA2B;CACpC,CAAA",
    "entry-package-info": "entry|1.0.0"
  },
  "entry|entry|1.0.0|src/main/ets/pages/common/router/Router.ts": {
    "version": 3,
    "file": "Router.ts",
    "sourceRoot": "",
    "sources": [
      "entry/src/main/ets/pages/common/router/Router.ts"
    ],
    "names": [],
    "mappings": "OAAS,MAAM;AAEf,0BAA0B;AAC1B,MAAM,OAAO,MAAM;IACjB,MAAM,CAAC,IAAI,CAAC,GAAG,EAAE,MAAM;QACrB,MAAM,CAAC,OAAO,CAAC,EAAE,GAAG,EAAE,CAAC,CAAC;IAC1B,CAAC;IAED,MAAM,CAAC,OAAO,CAAC,GAAG,EAAE,MAAM;QACxB,MAAM,CAAC,UAAU,CAAC,EAAE,GAAG,EAAE,CAAC,CAAC;IAC7B,CAAC;IAED,MAAM,CAAC,IAAI;QACT,MAAM,CAAC,IAAI,EAAE,CAAC;IAChB,CAAC;CACF",
    "entry-package-info": "entry|1.0.0"
  },
  "entry|entry|1.0.0|src/main/ets/pages/FirstPage.ts": {
    "version": 3,
    "file": "FirstPage.ets",
    "sourceRoot": "",
    "sources": [
      "entry/src/main/ets/pages/FirstPage.ets"
    ],
    "names": [],
    "mappings": ";;;;IAMS,YAAY,GAAE,MAAM,EAAE;;AAD/B,MAAM,CAAC,OAAO,OAAQ,MAAM;IAF5B;;;;;2DAGkC,CAAC,UAAU,EAAE,UAAU,EAAE,UAAU,EAAE,UAAU,EAAE,UAAU,CAAC;QAC7F,sCAAsC;;;;KAPvC;;;;;;;;;;;;;;;;IAME,iDAAqB,MAAM,EAAE,EAA+D;QAArF,YAAY;;;QAAZ,YAAY,WAAE,MAAM,EAAE;;;IAC9B,sCAAsC;IACrC;;YACE,MAAM;;YAAN,MAAM,CAiJL,KAAK,CAAC,MAAM;YAjJb,MAAM,CAkJL,MAAM,CAAC,MAAM;YAlJd,MAAM,CAmJL,KAAK,CAAC,SAAS,CAAC,GAAG;;;YAlJlB,MAAM,QAAC,EAAE,KAAK,EAAE,EAAE,EAAE;;YAApB,MAAM,CA6IL,KAAK,CAAC,MAAM;YA7Ib,MAAM,CA8IL,cAAc,CAAC,SAAS,CAAC,KAAK;;;YA7I7B,MAAM,QAAC,EAAC,WAAW,EAAC,SAAS,EAAC;;YAA9B,MAAM,CAA0B,YAAY,CAAC,IAAI;;QAAjD,MAAM;;YAEN,MAAM;YACN,MAAM;;YADN,MAAM;YACN,MAAM,CAKL,KAAK,CAAC,KAAK;YANZ,MAAM;YACN,MAAM,CAML,YAAY,CAAC,EAAE;YAPhB,MAAM;YACN,MAAM,CAOL,SAAS,CAAC,IAAI,YAAY,EAAE,CAAC,KAAK,CAAC,KAAK,CAAC,KAAK,CAAC,CAAC,aAAa,CAAC,KAAK,CAAC,GAAG,CAAC;;;YANvE,OAAO;mDAAmC,KAAK,EAAE,MAAM;;;oBACrD,KAAK,4CAAU,QAAQ,GAAG,IAAI;;oBAA9B,KAAK,CAA4B,KAAK,CAAC,MAAM;;;+CADvC,IAAI,CAAC,YAAY;;QAAzB,OAAO;QAFT,MAAM;QACN,MAAM;;YAQP,GAAG,QAAC,EAAC,KAAK,EAAC,CAAC,EAAC;;YAAb,GAAG,CA+DF,KAAK,CAAC,KAAK;YA/DZ,GAAG,CAgEF,MAAM,CAAC,GAAG;YAhEX,GAAG,CAiED,MAAM,CAAC;gBACP,MAAM,EAAE,EAAE;gBACV,KAAK,EAAE,KAAK,CAAC,IAAI;gBACjB,OAAO,EAAE,CAAC;gBACV,OAAO,EAAE,CAAC;aACX;;;YApEC,MAAM;;YAAN,MAAM,CAaL,KAAK,CAAC,KAAK;YAbZ,MAAM,CAcL,UAAU,CAAC,eAAe,CAAC,MAAM;;;YAZhC,MAAM;;;;YAEJ,KAAK,2CAAU,gBAAgB;;YAA/B,KAAK,CAA6B,KAAK,CAAC,EAAE;;;YAC1C,IAAI,QAAC,IAAI;;YAAT,IAAI,CAAO,QAAQ,CAAC,EAAE;YAAtB,IAAI,CAAoB,UAAU,CAAC,GAAG;;QAAtC,IAAI;QAHN,MAAM;;YAKP,MAAM;;;;YAEJ,KAAK,2CAAU,gBAAgB;;YAA/B,KAAK,CAA6B,KAAK,CAAC,EAAE;;;YAC1C,IAAI,QAAC,IAAI;;YAAT,IAAI,CAAO,QAAQ,CAAC,EAAE;YAAtB,IAAI,CAAoB,UAAU,CAAC,GAAG;;QAAtC,IAAI;QAHN,MAAM;QAPP,MAAM;;YAeN,MAAM;;YAAN,MAAM,CAaL,KAAK,CAAC,KAAK;YAbZ,MAAM,CAcL,UAAU,CAAC,eAAe,CAAC,MAAM;;;YAZhC,MAAM;;;;YAEJ,KAAK,2CAAU,gBAAgB;;YAA/B,KAAK,CAA6B,KAAK,CAAC,EAAE;;;YAC1C,IAAI,QAAC,IAAI;;YAAT,IAAI,CAAO,QAAQ,CAAC,EAAE;YAAtB,IAAI,CAAoB,UAAU,CAAC,GAAG;;QAAtC,IAAI;QAHN,MAAM;;YAKN,MAAM;;;;YAEJ,KAAK,2CAAU,gBAAgB;;YAA/B,KAAK,CAA6B,KAAK,CAAC,EAAE;;;YACxC,IAAI,QAAC,IAAI;;YAAT,IAAI,CAAO,QAAQ,CAAC,EAAE;YAAtB,IAAI,CAAoB,UAAU,CAAC,GAAG;;QAAtC,IAAI;QAHR,MAAM;QAPR,MAAM;;YAeN,MAAM;;YAAN,MAAM,CAaL,KAAK,CAAC,KAAK;YAbZ,MAAM,CAcL,UAAU,CAAC,eAAe,CAAC,MAAM;;;YAZhC,MAAM;;;;YAEJ,KAAK,2CAAU,gBAAgB;;YAA/B,KAAK,CAA6B,KAAK,CAAC,EAAE;;;YAC1C,IAAI,QAAC,IAAI;;YAAT,IAAI,CAAO,QAAQ,CAAC,EAAE;YAAtB,IAAI,CAAoB,UAAU,CAAC,GAAG;;QAAtC,IAAI;QAHN,MAAM;;YAKN,MAAM;;;;YAEJ,KAAK,2CAAU,gBAAgB;;YAA/B,KAAK,CAA6B,KAAK,CAAC,EAAE;;;YAC1C,IAAI,QAAC,MAAM;;YAAX,IAAI,CAAS,QAAQ,CAAC,EAAE;YAAxB,IAAI,CAAsB,UAAU,CAAC,GAAG;;QAAxC,IAAI;QAHN,MAAM;QAPR,MAAM;;YAeN,MAAM;;YAAN,MAAM,CAaL,KAAK,CAAC,KAAK;YAbZ,MAAM,CAcL,UAAU,CAAC,eAAe,CAAC,MAAM;;;YAZhC,MAAM;;;;YAEJ,KAAK,2CAAU,gBAAgB;;YAA/B,KAAK,CAA6B,KAAK,CAAC,EAAE;;;YAC1C,IAAI,QAAC,IAAI;;YAAT,IAAI,CAAO,QAAQ,CAAC,EAAE;YAAtB,IAAI,CAAoB,UAAU,CAAC,GAAG;;QAAtC,IAAI;QAHN,MAAM;;YAKN,MAAM;;;;YAEJ,KAAK,2CAAU,gBAAgB;;YAA/B,KAAK,CAA6B,KAAK,CAAC,EAAE;;;YAC1C,IAAI,QAAC,KAAK;;YAAV,IAAI,CAAQ,QAAQ,CAAC,EAAE;YAAvB,IAAI,CAAqB,UAAU,CAAC,GAAG;;QAAvC,IAAI;QAHN,MAAM;QAPR,MAAM;QA/CR,GAAG;;YAuEF,MAAM;YACN,GAAG;;YADH,MAAM;YACN,GAAG,CAGF,KAAK,CAAC,KAAK;YAJZ,MAAM;YACN,GAAG,CAIF,UAAU,CAAC,aAAa,CAAC,MAAM;YALhC,MAAM;YACN,GAAG,CAKF,cAAc,CAAC,SAAS,CAAC,YAAY;;;YAJpC,IAAI,QAAC,MAAM;;YAAX,IAAI,CAAS,QAAQ,CAAC,EAAE;YAAxB,IAAI,CAAsB,UAAU,CAAC,GAAG;;QAAxC,IAAI;QAFN,MAAM;QACN,GAAG;;YAQH,IAAI,QAAC,EAAE,KAAK,EAAE,EAAE,EAAE;;YAAlB,IAAI,CAOH,KAAK,CAAC,KAAK;;;;;;;oBALN,QAAQ;;;;;;;;;;gBAER,IAAI,CAAC,QAAQ,aAAE;gBAFf,QAAQ;;;YAAR,QAAQ;;QAFd,IAAI;;YAQJ,IAAI,QAAC,EAAE,KAAK,EAAE,EAAE,EAAE;;YAAlB,IAAI,CAOH,KAAK,CAAC,KAAK;;;;;;;oBALV,QAAQ;;;;;;;;;;gBAEN,IAAI,CAAC,SAAS,aAAE;gBAFlB,QAAQ;;;YAAR,QAAQ;;QAFV,IAAI;;YAQJ,IAAI,QAAC,EAAE,KAAK,EAAE,EAAE,EAAE;;YAAlB,IAAI,CAOH,KAAK,CAAC,KAAK;;;;;;;oBALV,QAAQ;;;;;;;;;;gBAEN,IAAI,CAAC,SAAS,aAAE;gBAFlB,QAAQ;;;YAAR,QAAQ;;QAFV,IAAI;;YAQJ,IAAI,QAAC,EAAE,KAAK,EAAE,EAAE,EAAE;;YAAlB,IAAI,CAOH,KAAK,CAAC,KAAK;;;;;;;oBALV,QAAQ;;;;;;;;;;gBAEN,IAAI,CAAC,SAAS,aAAE;gBAFlB,QAAQ;;;YAAR,QAAQ;;QAFV,IAAI;;YAQJ,IAAI,QAAC,EAAE,KAAK,EAAE,EAAE,EAAE;;YAAlB,IAAI,CAOH,KAAK,CAAC,KAAK;;;;;;;oBALV,QAAQ;;;;;;;;;;gBAEN,IAAI,CAAC,SAAS,aAAE;gBAFlB,QAAQ;;;YAAR,QAAQ;;QAFV,IAAI;;YAQJ,IAAI,QAAC,EAAE,KAAK,EAAE,EAAE,EAAE;;YAAlB,IAAI,CAOH,KAAK,CAAC,KAAK;;;;;;;oBALV,QAAQ;;;;;;;;;;gBAEN,IAAI,CAAC,SAAS,aAAE;gBAFlB,QAAQ;;;YAAR,QAAQ;;QAFV,IAAI;QApIN,MAAM;QADR,MAAM;KAoJP;IAED,QAAQ;;YACN,GAAG;;YAAH,GAAG,CAuCF,KAAK,CAAC,MAAM;YAvCb,GAAG,CAwCF,MAAM,CAAC,GAAG;YAxCX,GAAG,CAyCF,OAAO,CAAC,EAAE;YAzCX,GAAG,CA0CF,YAAY,CAAC,EAAE;YA1ChB,GAAG,CA2CF,eAAe,CAAC,SAAS;YA3C1B,GAAG,CA4CF,cAAc,CAAC,SAAS,CAAC,YAAY;;;YA3CpC,MAAM;;YAAN,MAAM,CA+BL,KAAK,CAAC,KAAK;YA/BZ,MAAM,CAgCL,MAAM,CAAC,KAAK;YAhCb,MAAM,CAiCL,UAAU,CAAC,eAAe,CAAC,KAAK;YAjCjC,MAAM,CAkCL,cAAc,CAAC,SAAS,CAAC,YAAY;;;YAjCpC,MAAM;;YAAN,MAAM,CAUJ,KAAK,CAAC,MAAM;YAVd,MAAM,CAUU,UAAU,CAAC,eAAe,CAAC,KAAK;;;YAT9C,IAAI,QAAC,gBAAgB;;YAArB,IAAI,CACD,QAAQ,CAAC,EAAE;YADd,IAAI,CACY,QAAQ,CAAC,CAAC;YAD1B,IAAI,CACwB,YAAY,CAAC,EAAE,QAAQ,EAAE,YAAY,CAAC,QAAQ,EAAE;;QAD5E,IAAI;;YAEJ,IAAI,QAAC,cAAc;;YAAnB,IAAI,CAAiB,SAAS,CAAC,SAAS;YAAxC,IAAI,CACD,QAAQ,CAAC,EAAE;YADd,IAAI,CACY,QAAQ,CAAC,CAAC;YAD1B,IAAI,CACwB,YAAY,CAAC,EAAE,QAAQ,EAAE,YAAY,CAAC,QAAQ,EAAE;;QAD5E,IAAI;;YAEJ,GAAG;;;;YAED,IAAI,QAAC,MAAM;;YAAX,IAAI,CAAS,SAAS,CAAC,KAAK,CAAC,GAAG;;QAAhC,IAAI;;YACJ,IAAI,QAAC,IAAI;;YAAT,IAAI,CAAO,SAAS,CAAC,KAAK,CAAC,GAAG;YAA9B,IAAI,CAA4B,OAAO,CAAC,EAAC,IAAI,EAAC,EAAE,EAAC;;QAAjD,IAAI;QAHN,GAAG;QALL,MAAM;;YAYN,GAAG;;YAAH,GAAG,CAgBF,KAAK,CAAC,MAAM;YAhBb,GAAG,CAgBY,cAAc,CAAC,SAAS,CAAC,YAAY;;;YAflD,GAAG,QAAC,EAAE,KAAK,EAAE,CAAC,EAAE;;;;YACd,KAAK,2CAAU,eAAe;;YAA9B,KAAK,CAA4B,KAAK,CAAC,EAAE;;;YACzC,IAAI,QAAC,KAAK;;YAAV,IAAI,CAAQ,QAAQ,CAAC,EAAE;;QAAvB,IAAI;QAFN,GAAG;;YAKH,GAAG,QAAC,EAAE,KAAK,EAAE,CAAC,EAAE;;;;YACd,KAAK,2CAAU,8BAA8B;;YAA7C,KAAK,CAA2C,KAAK,CAAC,EAAE;;;YACxD,IAAI,QAAC,KAAK;;YAAV,IAAI,CAAQ,QAAQ,CAAC,EAAE;;QAAvB,IAAI;QAFN,GAAG;;YAKH,GAAG,QAAC,EAAE,KAAK,EAAE,CAAC,EAAE;;;;YACd,KAAK,2CAAU,gBAAgB;;YAA/B,KAAK,CAA6B,KAAK,CAAC,EAAE;;;YAC1C,IAAI,QAAC,KAAK;;YAAV,IAAI,CAAQ,QAAQ,CAAC,EAAE;;QAAvB,IAAI;QAFN,GAAG;QAXL,GAAG;QAbL,MAAM;;YAoCN,KAAK,2CAAU,gBAAgB;;YAA/B,KAAK,CAA6B,KAAK,CAAC,KAAK;YAA7C,KAAK,CAA0C,MAAM,CAAC,MAAM;YAA5D,KAAK,CAAyD,YAAY,CAAC,CAAC;;QArC9E,GAAG;KA6CJ;IAED,SAAS;;YACP,GAAG;;YAAH,GAAG,CAuCF,KAAK,CAAC,MAAM;YAvCb,GAAG,CAwCF,MAAM,CAAC,GAAG;YAxCX,GAAG,CAyCF,OAAO,CAAC,EAAE;YAzCX,GAAG,CA0CF,YAAY,CAAC,EAAE;YA1ChB,GAAG,CA2CF,eAAe,CAAC,SAAS;YA3C1B,GAAG,CA4CF,cAAc,CAAC,SAAS,CAAC,YAAY;;;YA3CpC,MAAM;;YAAN,MAAM,CA+BL,KAAK,CAAC,KAAK;YA/BZ,MAAM,CAgCL,MAAM,CAAC,KAAK;YAhCb,MAAM,CAiCL,UAAU,CAAC,eAAe,CAAC,KAAK;YAjCjC,MAAM,CAkCL,cAAc,CAAC,SAAS,CAAC,YAAY;;;YAjCpC,MAAM;;YAAN,MAAM,CAUJ,KAAK,CAAC,MAAM;YAVd,MAAM,CAUU,UAAU,CAAC,eAAe,CAAC,KAAK;;;YAT9C,IAAI,QAAC,WAAW;;YAAhB,IAAI,CACD,QAAQ,CAAC,EAAE;YADd,IAAI,CACY,QAAQ,CAAC,CAAC;YAD1B,IAAI,CACwB,YAAY,CAAC,EAAE,QAAQ,EAAE,YAAY,CAAC,QAAQ,EAAE;;QAD5E,IAAI;;YAEJ,IAAI,QAAC,cAAc;;YAAnB,IAAI,CAAiB,SAAS,CAAC,SAAS;YAAxC,IAAI,CACD,QAAQ,CAAC,EAAE;YADd,IAAI,CACY,QAAQ,CAAC,CAAC;YAD1B,IAAI,CACwB,YAAY,CAAC,EAAE,QAAQ,EAAE,YAAY,CAAC,QAAQ,EAAE;;QAD5E,IAAI;;YAEJ,GAAG;;;;YAED,IAAI,QAAC,MAAM;;YAAX,IAAI,CAAS,SAAS,CAAC,KAAK,CAAC,GAAG;;QAAhC,IAAI;;YACJ,IAAI,QAAC,IAAI;;YAAT,IAAI,CAAO,SAAS,CAAC,KAAK,CAAC,GAAG;YAA9B,IAAI,CAA4B,OAAO,CAAC,EAAC,IAAI,EAAC,EAAE,EAAC;;QAAjD,IAAI;QAHN,GAAG;QALL,MAAM;;YAYN,GAAG;;YAAH,GAAG,CAgBF,KAAK,CAAC,MAAM;YAhBb,GAAG,CAgBY,cAAc,CAAC,SAAS,CAAC,YAAY;;;YAflD,GAAG,QAAC,EAAE,KAAK,EAAE,CAAC,EAAE;;;;YACd,KAAK,2CAAU,eAAe;;YAA9B,KAAK,CAA4B,KAAK,CAAC,EAAE;;;YACzC,IAAI,QAAC,KAAK;;YAAV,IAAI,CAAQ,QAAQ,CAAC,EAAE;;QAAvB,IAAI;QAFN,GAAG;;YAKH,GAAG,QAAC,EAAE,KAAK,EAAE,CAAC,EAAE;;;;YACd,KAAK,2CAAU,8BAA8B;;YAA7C,KAAK,CAA2C,KAAK,CAAC,EAAE;;;YACxD,IAAI,QAAC,KAAK;;YAAV,IAAI,CAAQ,QAAQ,CAAC,EAAE;;QAAvB,IAAI;QAFN,GAAG;;YAKH,GAAG,QAAC,EAAE,KAAK,EAAE,CAAC,EAAE;;;;YACd,KAAK,2CAAU,gBAAgB;;YAA/B,KAAK,CAA6B,KAAK,CAAC,EAAE;;;YAC1C,IAAI,QAAC,KAAK;;YAAV,IAAI,CAAQ,QAAQ,CAAC,EAAE;;QAAvB,IAAI;QAFN,GAAG;QAXL,GAAG;QAbL,MAAM;;YAoCN,KAAK,2CAAU,gBAAgB;;YAA/B,KAAK,CAA6B,KAAK,CAAC,KAAK;YAA7C,KAAK,CAA0C,MAAM,CAAC,MAAM;YAA5D,KAAK,CAAyD,YAAY,CAAC,CAAC;;QArC9E,GAAG;KA6CJ;IAED,SAAS;;YACP,GAAG;;YAAH,GAAG,CAuCF,KAAK,CAAC,MAAM;YAvCb,GAAG,CAwCF,MAAM,CAAC,GAAG;YAxCX,GAAG,CAyCF,OAAO,CAAC,EAAE;YAzCX,GAAG,CA0CF,YAAY,CAAC,EAAE;YA1ChB,GAAG,CA2CF,eAAe,CAAC,SAAS;YA3C1B,GAAG,CA4CF,cAAc,CAAC,SAAS,CAAC,YAAY;;;YA3CpC,MAAM;;YAAN,MAAM,CA+BL,KAAK,CAAC,KAAK;YA/BZ,MAAM,CAgCL,MAAM,CAAC,KAAK;YAhCb,MAAM,CAiCL,UAAU,CAAC,eAAe,CAAC,KAAK;YAjCjC,MAAM,CAkCL,cAAc,CAAC,SAAS,CAAC,YAAY;;;YAjCpC,MAAM;;YAAN,MAAM,CAUJ,KAAK,CAAC,MAAM;YAVd,MAAM,CAUU,UAAU,CAAC,eAAe,CAAC,KAAK;;;YAT9C,IAAI,QAAC,WAAW;;YAAhB,IAAI,CACD,QAAQ,CAAC,EAAE;YADd,IAAI,CACY,QAAQ,CAAC,CAAC;YAD1B,IAAI,CACwB,YAAY,CAAC,EAAE,QAAQ,EAAE,YAAY,CAAC,QAAQ,EAAE;;QAD5E,IAAI;;YAEJ,IAAI,QAAC,cAAc;;YAAnB,IAAI,CAAiB,SAAS,CAAC,SAAS;YAAxC,IAAI,CACD,QAAQ,CAAC,EAAE;YADd,IAAI,CACY,QAAQ,CAAC,CAAC;YAD1B,IAAI,CACwB,YAAY,CAAC,EAAE,QAAQ,EAAE,YAAY,CAAC,QAAQ,EAAE;;QAD5E,IAAI;;YAEJ,GAAG;;;;YAED,IAAI,QAAC,MAAM;;YAAX,IAAI,CAAS,SAAS,CAAC,KAAK,CAAC,GAAG;;QAAhC,IAAI;;YACJ,IAAI,QAAC,IAAI;;YAAT,IAAI,CAAO,SAAS,CAAC,KAAK,CAAC,GAAG;YAA9B,IAAI,CAA4B,OAAO,CAAC,EAAC,IAAI,EAAC,EAAE,EAAC;;QAAjD,IAAI;QAHN,GAAG;QALL,MAAM;;YAYN,GAAG;;YAAH,GAAG,CAgBF,KAAK,CAAC,MAAM;YAhBb,GAAG,CAgBY,cAAc,CAAC,SAAS,CAAC,YAAY;;;YAflD,GAAG,QAAC,EAAE,KAAK,EAAE,CAAC,EAAE;;;;YACd,KAAK,2CAAU,eAAe;;YAA9B,KAAK,CAA4B,KAAK,CAAC,EAAE;;;YACzC,IAAI,QAAC,KAAK;;YAAV,IAAI,CAAQ,QAAQ,CAAC,EAAE;;QAAvB,IAAI;QAFN,GAAG;;YAKH,GAAG,QAAC,EAAE,KAAK,EAAE,CAAC,EAAE;;;;YACd,KAAK,2CAAU,8BAA8B;;YAA7C,KAAK,CAA2C,KAAK,CAAC,EAAE;;;YACxD,IAAI,QAAC,KAAK;;YAAV,IAAI,CAAQ,QAAQ,CAAC,EAAE;;QAAvB,IAAI;QAFN,GAAG;;YAKH,GAAG,QAAC,EAAE,KAAK,EAAE,CAAC,EAAE;;;;YACd,KAAK,2CAAU,gBAAgB;;YAA/B,KAAK,CAA6B,KAAK,CAAC,EAAE;;;YAC1C,IAAI,QAAC,KAAK;;YAAV,IAAI,CAAQ,QAAQ,CAAC,EAAE;;QAAvB,IAAI;QAFN,GAAG;QAXL,GAAG;QAbL,MAAM;;YAoCN,KAAK,2CAAU,gBAAgB;;YAA/B,KAAK,CAA6B,KAAK,CAAC,KAAK;YAA7C,KAAK,CAA0C,MAAM,CAAC,MAAM;YAA5D,KAAK,CAAyD,YAAY,CAAC,CAAC;;QArC9E,GAAG;KA6CJ;IAED,SAAS;;YACP,GAAG;;YAAH,GAAG,CAuCF,KAAK,CAAC,MAAM;YAvCb,GAAG,CAwCF,MAAM,CAAC,GAAG;YAxCX,GAAG,CAyCF,OAAO,CAAC,EAAE;YAzCX,GAAG,CA0CF,YAAY,CAAC,EAAE;YA1ChB,GAAG,CA2CF,eAAe,CAAC,SAAS;YA3C1B,GAAG,CA4CF,cAAc,CAAC,SAAS,CAAC,YAAY;;;YA3CpC,MAAM;;YAAN,MAAM,CA+BL,KAAK,CAAC,KAAK;YA/BZ,MAAM,CAgCL,MAAM,CAAC,KAAK;YAhCb,MAAM,CAiCL,UAAU,CAAC,eAAe,CAAC,KAAK;YAjCjC,MAAM,CAkCL,cAAc,CAAC,SAAS,CAAC,YAAY;;;YAjCpC,MAAM;;YAAN,MAAM,CAUJ,KAAK,CAAC,MAAM;YAVd,MAAM,CAUU,UAAU,CAAC,eAAe,CAAC,KAAK;;;YAT9C,IAAI,QAAC,QAAQ;;YAAb,IAAI,CACD,QAAQ,CAAC,EAAE;YADd,IAAI,CACY,QAAQ,CAAC,CAAC;YAD1B,IAAI,CACwB,YAAY,CAAC,EAAE,QAAQ,EAAE,YAAY,CAAC,QAAQ,EAAE;;QAD5E,IAAI;;YAEJ,IAAI,QAAC,cAAc;;YAAnB,IAAI,CAAiB,SAAS,CAAC,SAAS;YAAxC,IAAI,CACD,QAAQ,CAAC,EAAE;YADd,IAAI,CACY,QAAQ,CAAC,CAAC;YAD1B,IAAI,CACwB,YAAY,CAAC,EAAE,QAAQ,EAAE,YAAY,CAAC,QAAQ,EAAE;;QAD5E,IAAI;;YAEJ,GAAG;;;;YAED,IAAI,QAAC,KAAK;;YAAV,IAAI,CAAQ,SAAS,CAAC,KAAK,CAAC,GAAG;;QAA/B,IAAI;;YACJ,IAAI,QAAC,IAAI;;YAAT,IAAI,CAAO,SAAS,CAAC,KAAK,CAAC,GAAG;YAA9B,IAAI,CAA4B,OAAO,CAAC,EAAC,IAAI,EAAC,EAAE,EAAC;;QAAjD,IAAI;QAHN,GAAG;QALL,MAAM;;YAYN,GAAG;;YAAH,GAAG,CAgBF,KAAK,CAAC,MAAM;YAhBb,GAAG,CAgBY,cAAc,CAAC,SAAS,CAAC,YAAY;;;YAflD,GAAG,QAAC,EAAE,KAAK,EAAE,CAAC,EAAE;;;;YACd,KAAK,2CAAU,eAAe;;YAA9B,KAAK,CAA4B,KAAK,CAAC,EAAE;;;YACzC,IAAI,QAAC,KAAK;;YAAV,IAAI,CAAQ,QAAQ,CAAC,EAAE;;QAAvB,IAAI;QAFN,GAAG;;YAKH,GAAG,QAAC,EAAE,KAAK,EAAE,CAAC,EAAE;;;;YACd,KAAK,2CAAU,8BAA8B;;YAA7C,KAAK,CAA2C,KAAK,CAAC,EAAE;;;YACxD,IAAI,QAAC,KAAK;;YAAV,IAAI,CAAQ,QAAQ,CAAC,EAAE;;QAAvB,IAAI;QAFN,GAAG;;YAKH,GAAG,QAAC,EAAE,KAAK,EAAE,CAAC,EAAE;;;;YACd,KAAK,2CAAU,gBAAgB;;YAA/B,KAAK,CAA6B,KAAK,CAAC,EAAE;;;YAC1C,IAAI,QAAC,KAAK;;YAAV,IAAI,CAAQ,QAAQ,CAAC,EAAE;;QAAvB,IAAI;QAFN,GAAG;QAXL,GAAG;QAbL,MAAM;;YAoCN,KAAK,2CAAU,gBAAgB;;YAA/B,KAAK,CAA6B,KAAK,CAAC,KAAK;YAA7C,KAAK,CAA0C,MAAM,CAAC,MAAM;YAA5D,KAAK,CAAyD,YAAY,CAAC,CAAC;;QArC9E,GAAG;KA6CJ;IAED,SAAS;;YACP,GAAG;;YAAH,GAAG,CAuCF,KAAK,CAAC,MAAM;YAvCb,GAAG,CAwCF,MAAM,CAAC,GAAG;YAxCX,GAAG,CAyCF,OAAO,CAAC,EAAE;YAzCX,GAAG,CA0CF,YAAY,CAAC,EAAE;YA1ChB,GAAG,CA2CF,eAAe,CAAC,SAAS;YA3C1B,GAAG,CA4CF,cAAc,CAAC,SAAS,CAAC,YAAY;;;YA3CpC,MAAM;;YAAN,MAAM,CA+BL,KAAK,CAAC,KAAK;YA/BZ,MAAM,CAgCL,MAAM,CAAC,KAAK;YAhCb,MAAM,CAiCL,UAAU,CAAC,eAAe,CAAC,KAAK;YAjCjC,MAAM,CAkCL,cAAc,CAAC,SAAS,CAAC,YAAY;;;YAjCpC,MAAM;;YAAN,MAAM,CAUJ,KAAK,CAAC,MAAM;YAVd,MAAM,CAUU,UAAU,CAAC,eAAe,CAAC,KAAK;;;YAT9C,IAAI,QAAC,SAAS;;YAAd,IAAI,CACD,QAAQ,CAAC,EAAE;YADd,IAAI,CACY,QAAQ,CAAC,CAAC;YAD1B,IAAI,CACwB,YAAY,CAAC,EAAE,QAAQ,EAAE,YAAY,CAAC,QAAQ,EAAE;;QAD5E,IAAI;;YAEJ,IAAI,QAAC,cAAc;;YAAnB,IAAI,CAAiB,SAAS,CAAC,SAAS;YAAxC,IAAI,CACD,QAAQ,CAAC,EAAE;YADd,IAAI,CACY,QAAQ,CAAC,CAAC;YAD1B,IAAI,CACwB,YAAY,CAAC,EAAE,QAAQ,EAAE,YAAY,CAAC,QAAQ,EAAE;;QAD5E,IAAI;;YAEJ,GAAG;;;;YAED,IAAI,QAAC,MAAM;;YAAX,IAAI,CAAS,SAAS,CAAC,KAAK,CAAC,GAAG;;QAAhC,IAAI;;YACJ,IAAI,QAAC,IAAI;;YAAT,IAAI,CAAO,SAAS,CAAC,KAAK,CAAC,GAAG;YAA9B,IAAI,CAA4B,OAAO,CAAC,EAAC,IAAI,EAAC,EAAE,EAAC;;QAAjD,IAAI;QAHN,GAAG;QALL,MAAM;;YAYN,GAAG;;YAAH,GAAG,CAgBF,KAAK,CAAC,MAAM;YAhBb,GAAG,CAgBY,cAAc,CAAC,SAAS,CAAC,YAAY;;;YAflD,GAAG,QAAC,EAAE,KAAK,EAAE,CAAC,EAAE;;;;YACd,KAAK,2CAAU,eAAe;;YAA9B,KAAK,CAA4B,KAAK,CAAC,EAAE;;;YACzC,IAAI,QAAC,KAAK;;YAAV,IAAI,CAAQ,QAAQ,CAAC,EAAE;;QAAvB,IAAI;QAFN,GAAG;;YAKH,GAAG,QAAC,EAAE,KAAK,EAAE,CAAC,EAAE;;;;YACd,KAAK,2CAAU,8BAA8B;;YAA7C,KAAK,CAA2C,KAAK,CAAC,EAAE;;;YACxD,IAAI,QAAC,KAAK;;YAAV,IAAI,CAAQ,QAAQ,CAAC,EAAE;;QAAvB,IAAI;QAFN,GAAG;;YAKH,GAAG,QAAC,EAAE,KAAK,EAAE,CAAC,EAAE;;;;YACd,KAAK,2CAAU,gBAAgB;;YAA/B,KAAK,CAA6B,KAAK,CAAC,EAAE;;;YAC1C,IAAI,QAAC,KAAK;;YAAV,IAAI,CAAQ,QAAQ,CAAC,EAAE;;QAAvB,IAAI;QAFN,GAAG;QAXL,GAAG;QAbL,MAAM;;YAoCN,KAAK,2CAAU,gBAAgB;;YAA/B,KAAK,CAA6B,KAAK,CAAC,KAAK;YAA7C,KAAK,CAA0C,MAAM,CAAC,MAAM;YAA5D,KAAK,CAAyD,YAAY,CAAC,CAAC;;QArC9E,GAAG;KA6CJ;IAED,SAAS;;YACP,GAAG;;YAAH,GAAG,CAuCF,KAAK,CAAC,MAAM;YAvCb,GAAG,CAwCF,MAAM,CAAC,GAAG;YAxCX,GAAG,CAyCF,OAAO,CAAC,EAAE;YAzCX,GAAG,CA0CF,YAAY,CAAC,EAAE;YA1ChB,GAAG,CA2CF,eAAe,CAAC,SAAS;YA3C1B,GAAG,CA4CF,cAAc,CAAC,SAAS,CAAC,YAAY;;;YA3CpC,MAAM;;YAAN,MAAM,CA+BL,KAAK,CAAC,KAAK;YA/BZ,MAAM,CAgCL,MAAM,CAAC,KAAK;YAhCb,MAAM,CAiCL,UAAU,CAAC,eAAe,CAAC,KAAK;YAjCjC,MAAM,CAkCL,cAAc,CAAC,SAAS,CAAC,YAAY;;;YAjCpC,MAAM;;YAAN,MAAM,CAUJ,KAAK,CAAC,MAAM;YAVd,MAAM,CAUU,UAAU,CAAC,eAAe,CAAC,KAAK;;;YAT9C,IAAI,QAAC,SAAS;;YAAd,IAAI,CACD,QAAQ,CAAC,EAAE;YADd,IAAI,CACY,QAAQ,CAAC,CAAC;YAD1B,IAAI,CACwB,YAAY,CAAC,EAAE,QAAQ,EAAE,YAAY,CAAC,QAAQ,EAAE;;QAD5E,IAAI;;YAEJ,IAAI,QAAC,cAAc;;YAAnB,IAAI,CAAiB,SAAS,CAAC,SAAS;YAAxC,IAAI,CACD,QAAQ,CAAC,EAAE;YADd,IAAI,CACY,QAAQ,CAAC,CAAC;YAD1B,IAAI,CACwB,YAAY,CAAC,EAAE,QAAQ,EAAE,YAAY,CAAC,QAAQ,EAAE;;QAD5E,IAAI;;YAEJ,GAAG;;;;YAED,IAAI,QAAC,MAAM;;YAAX,IAAI,CAAS,SAAS,CAAC,KAAK,CAAC,GAAG;;QAAhC,IAAI;;YACJ,IAAI,QAAC,IAAI;;YAAT,IAAI,CAAO,SAAS,CAAC,KAAK,CAAC,GAAG;YAA9B,IAAI,CAA4B,OAAO,CAAC,EAAC,IAAI,EAAC,EAAE,EAAC;;QAAjD,IAAI;QAHN,GAAG;QALL,MAAM;;YAYN,GAAG;;YAAH,GAAG,CAgBF,KAAK,CAAC,MAAM;YAhBb,GAAG,CAgBY,cAAc,CAAC,SAAS,CAAC,YAAY;;;YAflD,GAAG,QAAC,EAAE,KAAK,EAAE,CAAC,EAAE;;;;YACd,KAAK,2CAAU,eAAe;;YAA9B,KAAK,CAA4B,KAAK,CAAC,EAAE;;;YACzC,IAAI,QAAC,KAAK;;YAAV,IAAI,CAAQ,QAAQ,CAAC,EAAE;;QAAvB,IAAI;QAFN,GAAG;;YAKH,GAAG,QAAC,EAAE,KAAK,EAAE,CAAC,EAAE;;;;YACd,KAAK,2CAAU,8BAA8B;;YAA7C,KAAK,CAA2C,KAAK,CAAC,EAAE;;;YACxD,IAAI,QAAC,KAAK;;YAAV,IAAI,CAAQ,QAAQ,CAAC,EAAE;;QAAvB,IAAI;QAFN,GAAG;;YAKH,GAAG,QAAC,EAAE,KAAK,EAAE,CAAC,EAAE;;;;YACd,KAAK,2CAAU,gBAAgB;;YAA/B,KAAK,CAA6B,KAAK,CAAC,EAAE;;;YAC1C,IAAI,QAAC,KAAK;;YAAV,IAAI,CAAQ,QAAQ,CAAC,EAAE;;QAAvB,IAAI;QAFN,GAAG;QAXL,GAAG;QAbL,MAAM;;YAoCN,KAAK,2CAAU,gBAAgB;;YAA/B,KAAK,CAA6B,KAAK,CAAC,KAAK;YAA7C,KAAK,CAA0C,MAAM,CAAC,MAAM;YAA5D,KAAK,CAAyD,YAAY,CAAC,CAAC;;QArC9E,GAAG;KA6CJ",
    "entry-package-info": "entry|1.0.0"
  },
  "entry|entry|1.0.0|src/main/ets/pages/InterestTag.ts": {
    "version": 3,
    "file": "InterestTag.ets",
    "sourceRoot": "",
    "sources": [
      "entry/src/main/ets/pages/InterestTag.ets"
    ],
    "names": [],
    "mappings": ";;;;IAIS,YAAY,GAAE,MAAM,EAAE;;OAJtB,MAAM;MAGR,YAAY;IAFnB;;;;;2DAGkC,EAAE;;;KAJD;;;;;;;;;;;;;;;;IAIjC,iDAAqB,MAAM,EAAE,EAAM;QAA5B,YAAY;;;QAAZ,YAAY,WAAE,MAAM,EAAE;;;IAE7B;;YACE,MAAM;;YAAN,MAAM,CAwEL,KAAK,CAAC,MAAM;YAxEb,MAAM,CAyEL,MAAM,CAAC,MAAM;YAzEd,MAAM,CA0EL,eAAe,CAAC,KAAK,CAAC,KAAK;;;YAzE1B,SAAS;YACT,MAAM;;;;YACJ,IAAI,QAAC,SAAS;;YAAd,IAAI,CACD,QAAQ,CAAC,EAAE;YADd,IAAI,CAED,UAAU,CAAC,UAAU,CAAC,IAAI;YAF7B,IAAI,CAGD,OAAO,CAAC,EAAE,GAAG,EAAE,EAAE,EAAE,IAAI,EAAE,EAAE,EAAE;YAHhC,IAAI,CAID,KAAK,CAAC,MAAM;YAJf,IAAI,CAKD,SAAS,CAAC,SAAS,CAAC,KAAK;;QAL5B,IAAI;;YAOJ,IAAI,QAAC,sBAAsB;;YAA3B,IAAI,CACD,QAAQ,CAAC,EAAE;YADd,IAAI,CAED,SAAS,CAAC,SAAS;YAFtB,IAAI,CAGD,OAAO,CAAC,EAAE,IAAI,EAAE,EAAE,EAAE,KAAK,EAAE,EAAE,EAAE,GAAG,EAAE,CAAC,EAAE,MAAM,EAAE,EAAE,EAAE;;QAHtD,IAAI;QATN,SAAS;QACT,MAAM;;YAcN,0BAA0B;YAC1B,MAAM;;YADN,0BAA0B;YAC1B,MAAM,CAyCL,YAAY,CAAC,CAAC;;;YAxCb,MAAM,QAAC,EAAE,KAAK,EAAE,EAAE,EAAE;;YAApB,MAAM,CAsCL,OAAO,CAAC,EAAE,MAAM,EAAE,EAAE,EAAE;;;YArCrB,OAAO;;;;oBACL,MAAM;;;;oBACJ,GAAG;;oBAAH,GAAG,CASF,OAAO,CAAC,EAAE,IAAI,EAAE,EAAE,EAAE,MAAM,EAAE,CAAC,EAAE;oBAThC,GAAG,CAUF,KAAK,CAAC,MAAM;oBAVb,GAAG,CAWF,cAAc,CAAC,SAAS,CAAC,KAAK;;;oBAV7B,IAAI,QAAC,GAAG;;oBAAR,IAAI,CACD,SAAS,CAAC,KAAK,CAAC,IAAI;oBADvB,IAAI,CAED,QAAQ,CAAC,EAAE;oBAFd,IAAI,CAGD,MAAM,CAAC,EAAE,KAAK,EAAE,CAAC,EAAE;;gBAHtB,IAAI;;oBAIJ,IAAI,QAAC,QAAQ,CAAC,KAAK;;oBAAnB,IAAI,CACD,QAAQ,CAAC,EAAE;oBADd,IAAI,CAED,UAAU,CAAC,UAAU,CAAC,MAAM;;gBAF/B,IAAI;gBALN,GAAG;;oBAaH,IAAI,QAAC,EAAE,cAAc,EAAE,SAAS,CAAC,KAAK,EAAE,IAAI,EAAE,QAAQ,CAAC,IAAI,EAAE;;oBAA7D,IAAI,CAkBH,OAAO,CAAC,EAAE,IAAI,EAAE,EAAE,EAAE,KAAK,EAAE,EAAE,EAAE;;;oBAjB9B,OAAO;;;;4BACL,MAAM,iBAAC,GAAG;;4BAAV,MAAM,CACH,MAAM,CAAC,EAAE,KAAK,EAAE,CAAC,EAAE,MAAM,EAAE,CAAC,EAAE;4BADjC,MAAM,CAEH,eAAe,CAAC,IAAI,CAAC,YAAY,CAAC,OAAO,CAAC,GAAG,CAAC,KAAK,CAAC,CAAC,CAAC,CAAC,CAAC,KAAK,CAAC,IAAI,CAAC,CAAC,CAAC,SAAS;4BAFjF,MAAM,CAGH,SAAS,CAAC,IAAI,CAAC,YAAY,CAAC,OAAO,CAAC,GAAG,CAAC,KAAK,CAAC,CAAC,CAAC,CAAC,CAAC,KAAK,CAAC,KAAK,CAAC,CAAC,CAAC,KAAK,CAAC,KAAK;4BAH9E,MAAM,CAIH,OAAO,CAAC,EAAE,IAAI,EAAE,EAAE,EAAE,KAAK,EAAE,EAAE,EAAE,GAAG,EAAE,CAAC,EAAE,MAAM,EAAE,CAAC,EAAE;4BAJrD,MAAM,CAKH,YAAY,CAAC,EAAE;4BALlB,MAAM,CAMH,OAAO,CAAC,GAAG,EAAE;gCACZ,IAAI,KAAK,GAAG,IAAI,CAAC,YAAY,CAAC,OAAO,CAAC,GAAG,CAAC,CAAA;gCAC1C,IAAI,KAAK,KAAK,CAAC,CAAC,EAAE;oCAChB,IAAI,CAAC,YAAY,CAAC,MAAM,CAAC,KAAK,EAAE,CAAC,CAAC,CAAC;iCACpC;qCAAM;oCACL,IAAI,CAAC,YAAY,CAAC,IAAI,CAAC,GAAG,CAAC,CAAC;iCAC7B;4BACH,CAAC;;wBAbH,MAAM;;uDADA,QAAQ,CAAC,IAAI;;gBAArB,OAAO;gBADT,IAAI;gBAdN,MAAM;;+CADA,YAAY;;QAApB,OAAO;QADT,MAAM;QAFR,0BAA0B;QAC1B,MAAM;;YA2CN,gBAAgB;YAChB,MAAM,iBAAC,MAAM,GAAG,IAAI,CAAC,YAAY,CAAC,MAAM,GAAG,GAAG;;YAD9C,gBAAgB;YAChB,MAAM,CACH,QAAQ,CAAC,EAAE;YAFd,gBAAgB;YAChB,MAAM,CAEH,UAAU,CAAC,UAAU,CAAC,IAAI;YAH7B,gBAAgB;YAChB,MAAM,CAGH,eAAe,CAAC,KAAK,CAAC,IAAI;YAJ7B,gBAAgB;YAChB,MAAM,CAIH,SAAS,CAAC,KAAK,CAAC,KAAK;YALxB,gBAAgB;YAChB,MAAM,CAKH,KAAK,CAAC,KAAK;YANd,gBAAgB;YAChB,MAAM,CAMH,MAAM,CAAC,EAAE;YAPZ,gBAAgB;YAChB,MAAM,CAOH,MAAM,CAAC,EAAE,IAAI,EAAE,EAAE,EAAE,KAAK,EAAE,EAAE,EAAE,GAAG,EAAE,EAAE,EAAE,MAAM,EAAE,EAAE,EAAE;YARtD,gBAAgB;YAChB,MAAM,CAQH,YAAY,CAAC,EAAE;YATlB,gBAAgB;YAChB,MAAM,CASH,OAAO,CAAC,GAAE,EAAE,GAAC,IAAI,CAAC,WAAW,EAAE,CAAA,CAAA,CAAC;;QAVnC,gBAAgB;QAChB,MAAM;QA7DR,MAAM;KA2EP;IACD,WAAW;QAEN,MAAM,CAAC,OAAO,CAAC,EAAC,GAAG,EAAC,gBAAgB,EAAC,CAAC,CAAA;IAC3C,CAAC;;;;;;;;AAEH,UAAU,QAAQ;IAChB,KAAK,EAAE,MAAM,CAAC;IACd,IAAI,EAAE,MAAM,EAAE,CAAC;CAChB;AAED,MAAM,YAAY,EAAE,QAAQ,EAAE,GAAG;IAC/B,EAAE,KAAK,EAAE,IAAI,EAAE,IAAI,EAAE,CAAC,OAAO,EAAE,OAAO,EAAE,YAAY,EAAE,YAAY,CAAC,EAAE;IACrE,EAAE,KAAK,EAAE,IAAI,EAAE,IAAI,EAAE,CAAC,MAAM,EAAE,MAAM,EAAE,MAAM,EAAE,MAAM,CAAC,EAAE;IACvD,EAAE,KAAK,EAAE,IAAI,EAAE,IAAI,EAAE,CAAC,MAAM,EAAE,MAAM,EAAE,MAAM,CAAC,EAAE;IAC/C,EAAE,KAAK,EAAE,OAAO,EAAE,IAAI,EAAE,CAAC,MAAM,EAAE,MAAM,EAAE,MAAM,EAAE,MAAM,EAAE,MAAM,EAAE,MAAM,EAAE,MAAM,CAAC,EAAE;IAClF,EAAE,KAAK,EAAE,KAAK,EAAE,IAAI,EAAE,CAAC,OAAO,EAAE,OAAO,EAAE,OAAO,EAAE,OAAO,EAAE,OAAO,CAAC,EAAE;IACrE,EAAE,KAAK,EAAE,KAAK,EAAE,IAAI,EAAE,CAAC,KAAK,EAAE,KAAK,EAAE,KAAK,CAAC,EAAE;IAC7C,EAAE,KAAK,EAAE,MAAM,EAAE,IAAI,EAAE,CAAC,QAAQ,CAAC,EAAE;CACpC,CAAC",
    "entry-package-info": "entry|1.0.0"
  },
  "entry|entry|1.0.0|src/main/ets/pages/Login.ts": {
    "version": 3,
    "file": "Login.ets",
    "sourceRoot": "",
    "sources": [
      "entry/src/main/ets/pages/Login.ets"
    ],
    "names": [],
    "mappings": ";;;;IAcE,SAAS;IACT,SAAS,GAAE,YAAY;IAChB,eAAe,GAAE,MAAM;IACvB,QAAQ,GAAE,MAAM;IAChB,QAAQ,GAAE,MAAM;;cAlBhB,IAAI,QAAQ,gBAAgB;OAC5B,MAAM;OACN,IAAI;cACJ,aAAa,IAAb,aAAa;AAItB,MAAM,UAAU,YAAY;;;;wCAC1B,KAAK;;;;;;;;;;;;CACN;MAIM,KAAK;IAFZ;;;;;yBAI4B,IAAI,YAAY,EAAE;8DACX,EAAE;uDACT,EAAE;uDACJ,EAAE;;;KAT3B;;;;;;;;;;;;;;;;;;;;;;;;;;;;;IAKC,SAAS;IACT,mBAAW,YAAY,CAAsB;IAC7C,oDAAwB,MAAM,EAAK;QAA5B,eAAe;;;QAAf,eAAe,WAAE,MAAM;;;IAC9B,6CAAiB,MAAM,EAAK;QAArB,QAAQ;;;QAAR,QAAQ,WAAE,MAAM;;;IACvB,6CAAiB,MAAM,EAAG;QAAnB,QAAQ;;;QAAR,QAAQ,WAAE,MAAM;;;IAEvB;;;;oBAEI,MAAM,QAAC,EAAE,KAAK,EAAE,CAAC,EAAE;;oBAAnB,MAAM,CAqGL,KAAK,CAAC,MAAM;oBArGb,MAAM,CAqGS,MAAM,CAAC,MAAM;oBArG5B,MAAM,CAsGL,eAAe,CAAC,MAAM;oBAtGvB,MAAM,CAuGL,cAAc,CAAC,CAAC,YAAY,CAAC,MAAM,CAAC,EAAE,CAAC,YAAY,CAAC,GAAG,EAAE,YAAY,CAAC,MAAM,CAAC;;;oBAtG5E,SAAS;oBACT,GAAG;;oBADH,SAAS;oBACT,GAAG,CAIF,KAAK,CAAC,MAAM;oBALb,SAAS;oBACT,GAAG,CAKF,cAAc,CAAC,SAAS,CAAC,KAAK;oBAN/B,SAAS;oBACT,GAAG,CAMF,MAAM,CAAC,EAAE,GAAG,EAAE,CAAC,EAAE,IAAI,EAAE,EAAE,EAAE;oBAP5B,SAAS;oBACT,GAAG,CAOF,cAAc,CAAC,CAAC,YAAY,CAAC,MAAM,CAAC,EAAE,CAAC,YAAY,CAAC,GAAG,EAAE,YAAY,CAAC,MAAM,CAAC;;;oBAN5E,WAAW;oBACX,KAAK,2CAAU,gBAAgB;;oBAD/B,WAAW;oBACX,KAAK,CAA6B,MAAM,CAAC,EAAE;;gBAH7C,SAAS;gBACT,GAAG;;oBASH,KAAK;oBACL,IAAI,QAAC,OAAO;;oBADZ,KAAK;oBACL,IAAI,CACD,QAAQ,CAAC,EAAE;oBAFd,KAAK;oBACL,IAAI,CAED,UAAU,CAAC,UAAU,CAAC,IAAI;oBAH7B,KAAK;oBACL,IAAI,CAGD,SAAS,CAAC,SAAS;oBAJtB,KAAK;oBACL,IAAI,CAID,MAAM,CAAC,EAAE,GAAG,EAAE,EAAE,EAAE,MAAM,EAAE,EAAE,EAAE;oBALjC,KAAK;oBACL,IAAI,CAKD,KAAK,CAAC,MAAM;oBANf,KAAK;oBACL,IAAI,CAMD,SAAS,CAAC,SAAS,CAAC,MAAM;;gBAP7B,KAAK;gBACL,IAAI;;oBAQJ,SAAS;oBACT,SAAS,QAAC;wBACR,WAAW,EAAE,WAAW;wBACxB,IAAI,WAAE,KAAO,eAAe,6BAAtB,KAAO,eAAe,gBAAA;qBAC7B;;oBAJD,SAAS;oBACT,SAAS,CAIN,IAAI,CAAC,SAAS,CAAC,MAAM;oBALxB,SAAS;oBACT,SAAS,CAKN,KAAK,CAAC,KAAK;oBANd,SAAS;oBACT,SAAS,CAMN,MAAM,CAAC,EAAE;oBAPZ,SAAS;oBACT,SAAS,CAON,MAAM,CAAC,EAAE,MAAM,EAAE,EAAE,EAAE;oBARxB,SAAS;oBACT,SAAS,CAQN,eAAe,CAAC,SAAS;oBAT5B,SAAS;oBACT,SAAS,CASN,YAAY,CAAC,CAAC;oBAVjB,SAAS;oBACT,SAAS,CAUN,OAAO,CAAC,EAAE,IAAI,EAAE,EAAE,EAAE;;;oBAEvB,QAAQ;oBACR,GAAG;;oBADH,QAAQ;oBACR,GAAG,CAeD,KAAK,CAAC,KAAK;oBAhBb,QAAQ;oBACR,GAAG,CAeY,MAAM,CAAC,EAAE,MAAM,EAAE,EAAE,EAAE;;;oBAdlC,SAAS,QAAC;wBACR,WAAW,EAAE,OAAO;wBACpB,IAAI,WAAE,KAAO,QAAQ,6BAAf,KAAO,QAAQ,gBAAA;qBACtB;;oBAHD,SAAS,CAIN,IAAI,CAAC,SAAS,CAAC,QAAQ;oBAJ1B,SAAS,CAKN,KAAK,CAAC,MAAM;oBALf,SAAS,CAMN,MAAM,CAAC,EAAE;oBANZ,SAAS,CAON,eAAe,CAAC,SAAS;oBAP5B,SAAS,CAQN,YAAY,CAAC,CAAC;oBARjB,SAAS,CASN,OAAO,CAAC,EAAE,IAAI,EAAE,EAAE,EAAE;oBATvB,SAAS,CAUN,YAAY,CAAC;wBACZ,SAAS,qCAAW,qBAAqB,qEAAC;wBAC1C,UAAU,qCAAW,gBAAgB,qEAAC;qBACvC;;gBAfL,QAAQ;gBACR,GAAG;;oBAiBH,OAAO;oBACP,MAAM,iBAAC,SAAS;;oBADhB,OAAO;oBACP,MAAM,CACH,KAAK,CAAC,KAAK;oBAFd,OAAO;oBACP,MAAM,CAEH,MAAM,CAAC,EAAE;oBAHZ,OAAO;oBACP,MAAM,CAGH,QAAQ,CAAC,EAAE;oBAJd,OAAO;oBACP,MAAM,CAIH,SAAS,CAAC,MAAM;oBALnB,OAAO;oBACP,MAAM,CAKH,eAAe,CAAC,SAAS;oBAN5B,OAAO;oBACP,MAAM,CAMH,YAAY,CAAC,CAAC;oBAPjB,OAAO;oBACP,MAAM,CAOH,MAAM,CAAC,EAAE,MAAM,EAAE,EAAE,EAAE;oBARxB,OAAO;oBACP,MAAM,CAQH,OAAO,CAAC,GAAG,EAAE;wBACZ,IAAI,CAAC,KAAK,EAAE,CAAA;oBACd,CAAC;;gBAXH,OAAO;gBACP,MAAM;;oBAYN,SAAS;oBACT,GAAG;;oBADH,SAAS;oBACT,GAAG,CAYF,KAAK,CAAC,KAAK;oBAbZ,SAAS;oBACT,GAAG,CAaF,cAAc,CAAC,SAAS,CAAC,YAAY;oBAdtC,SAAS;oBACT,GAAG,CAcF,MAAM,CAAC,EAAE,MAAM,EAAE,EAAE,EAAE;;;oBAbpB,IAAI,QAAC,MAAM;;oBAAX,IAAI,CACD,QAAQ,CAAC,EAAE;oBADd,IAAI,CAED,SAAS,CAAC,SAAS;oBAFtB,IAAI,CAGD,OAAO,CAAC,GAAG,EAAE;wBAAE,IAAI,CAAC,MAAM,EAAE,CAAA;oBAC7B,CAAC;;gBAJH,IAAI;;oBAKJ,IAAI,QAAC,MAAM;;oBAAX,IAAI,CACD,QAAQ,CAAC,EAAE;oBADd,IAAI,CAED,SAAS,CAAC,SAAS;oBAFtB,IAAI,CAGD,OAAO,CAAC,GAAG,EAAE;wBAAE,IAAI,CAAC,MAAM,EAAE,CAAA;oBAC7B,CAAC;;gBAJH,IAAI;gBAPN,SAAS;gBACT,GAAG;;oBAgBH,WAAW;oBACX,GAAG;;oBADH,WAAW;oBACX,GAAG,CAKF,KAAK,CAAC,KAAK;oBANZ,WAAW;oBACX,GAAG,CAMF,MAAM,CAAC,EAAE,MAAM,EAAE,EAAE,EAAE;oBAPtB,WAAW;oBACX,GAAG,CAOF,cAAc,CAAC,SAAS,CAAC,MAAM;;;oBAN9B,OAAO;;oBAAP,OAAO,CAAG,KAAK,CAAC,KAAK;;;oBACrB,IAAI,QAAC,OAAO;;oBAAZ,IAAI,CAAU,QAAQ,CAAC,EAAE;oBAAzB,IAAI,CAAuB,SAAS,CAAC,MAAM;oBAA3C,IAAI,CAAyC,MAAM,CAAC,EAAE,IAAI,EAAE,CAAC,EAAE,KAAK,EAAE,CAAC,EAAE;;gBAAzE,IAAI;;oBACJ,OAAO;;oBAAP,OAAO,CAAG,KAAK,CAAC,KAAK;;gBAJvB,WAAW;gBACX,GAAG;;oBASH,YAAY;oBACZ,GAAG,QAAC,EAAE,KAAK,EAAE,CAAC,EAAE;;oBADhB,YAAY;oBACZ,GAAG,CAOD,KAAK,CAAC,KAAK;oBARb,YAAY;oBACZ,GAAG,CAOY,cAAc,CAAC,SAAS,CAAC,MAAM;;;oBAN5C,WAAW;oBACX,KAAK,2CAAU,sBAAsB;;oBADrC,WAAW;oBACX,KAAK,CAAmC,KAAK,CAAC,EAAE;;;oBAChD,YAAY;oBACZ,KAAK,2CAAU,kBAAkB;;oBADjC,YAAY;oBACZ,KAAK,CAA+B,KAAK,CAAC,EAAE;;;oBAC5C,WAAW;oBACX,KAAK,2CAAU,wBAAwB;;oBADvC,WAAW;oBACX,KAAK,CAAqC,KAAK,CAAC,EAAE;;gBAPpD,YAAY;gBACZ,GAAG;gBA5FL,MAAM;;2BA2GP,OAAO,CAAC,CAAC,OAAO,EAAE,qBAAqB,EAAE,EAAE;gBAC1C,IAAI,CAAC,SAAS,GAAG,OAAO,CAAC,SAAS,CAAC;YACrC,CAAC;;;;KACF;IACD,KAAK;QAEH,IAAI,IAAI,EAAC,IAAI,GACX;YACE,QAAQ,EAAC,IAAI,CAAC,eAAe;YAC7B,QAAQ,EAAC,IAAI,CAAC,QAAQ;SACvB,CAAA;QACD,OAAO,CAAC,GAAG,CAAC,KAAK,GAAC,IAAI,CAAC,QAAQ,EAAC,KAAK,GAAC,IAAI,CAAC,QAAQ,CAAC,CAAA;QACtD,IAAI,GAAG,EAAC,MAAM,GAAE,mCAAmC,CAAA;QACnD,mCAAmC;QACnC,IAAI,YAAY,GAAG,IAAI,CAAC,UAAU,EAAE,CAAC;QACrC,IAAI,OAAO,EAAC,IAAI,CAAC,kBAAkB,GACjC;YACE,MAAM,EAAE,IAAI,CAAC,aAAa,CAAC,IAAI;YAC/B,SAAS,EAAC,IAAI;YACd,cAAc,EAAE,IAAI,CAAC,YAAY,CAAC,MAAM;YACxC,MAAM,EAAE,EAAE,QAAQ,EAAE,kBAAkB,EAAE,cAAc,EAAC,kBAAkB,EAAC;SAC3E,CAAA;QAEH,YAAY,CAAC,OAAO,CAAC,GAAG,EAAC,OAAO,EAAC,CAAC,GAAG,EAAE,aAAa,EAAE,IAAI,EAAE,IAAI,CAAC,YAAY,EAAE,EAAE;YAC/E,IAAI,CAAC,GAAG,EAAE;gBACR,OAAO,CAAC,GAAG,CAAC,OAAO,EAAC,IAAI,CAAC,SAAS,CAAC,IAAI,CAAC,MAAM,CAAC,CAAC,CAAA;gBAChD,IAAG,IAAI,CAAC,MAAM,CAAC,MAAM,CAAC,KAAG,GAAG,EAC5B;oBACG,WAAW,CAAC,IAAI,CAAC;wBACf,OAAO,EAAC,IAAI,CAAC,MAAM,CAAC,SAAS,CAAC;wBAC9B,UAAU,EAAC,IAAI;wBACf,SAAS,EAAC,eAAe,CAAC,MAAM;wBAChC,MAAM,EAAC,EAAC,EAAE,EAAC,CAAC,EAAC,EAAE,EAAC,CAAC,EAAE,EAAC;wBACpB,SAAS,EAAC,CAAC;qBACZ,CAAC,CAAA;oBACH,OAAM;iBACP;gBACD,MAAM,CAAC,OAAO,CAEZ;oBACE,GAAG,EAAC,mBAAmB;iBACxB,CACF,CAAA;aACF;iBAAM;gBACL,OAAO,CAAC,IAAI,CAAC,QAAQ,GAAG,IAAI,CAAC,SAAS,CAAC,GAAG,CAAC,CAAC,CAAC;gBAC7C,YAAY,CAAC,OAAO,EAAE,CAAC;aACxB;QACH,CAAC,CAAC,CAAC;IACL,CAAC;IACD,MAAM;QAEJ,IAAI,IAAI,EAAC,IAAI,GACX;YACE,QAAQ,EAAC,IAAI,CAAC,eAAe;YAC7B,QAAQ,EAAC,IAAI,CAAC,QAAQ;SACvB,CAAA;QACH,OAAO,CAAC,GAAG,CAAC,KAAK,GAAC,IAAI,CAAC,QAAQ,EAAC,KAAK,GAAC,IAAI,CAAC,QAAQ,CAAC,CAAA;QACpD,IAAI,GAAG,EAAC,MAAM,GAAE,sCAAsC,CAAA;QACtD,mCAAmC;QACnC,IAAI,YAAY,GAAG,IAAI,CAAC,UAAU,EAAE,CAAC;QACrC,IAAI,OAAO,EAAC,IAAI,CAAC,kBAAkB,GACjC;YACE,MAAM,EAAE,IAAI,CAAC,aAAa,CAAC,IAAI;YAC/B,SAAS,EAAC,IAAI;YACd,cAAc,EAAE,IAAI,CAAC,YAAY,CAAC,MAAM;YACxC,MAAM,EAAE,EAAE,QAAQ,EAAE,kBAAkB,EAAE,cAAc,EAAC,kBAAkB,EAAC;SAC3E,CAAA;QAEH,YAAY,CAAC,OAAO,CAAC,GAAG,EAAC,OAAO,EAAC,CAAC,GAAG,EAAE,aAAa,EAAE,IAAI,EAAE,IAAI,CAAC,YAAY,EAAE,EAAE;YAC/E,IAAI,CAAC,GAAG,EAAE;gBACR,OAAO,CAAC,GAAG,CAAC,SAAS,EAAC,IAAI,CAAC,SAAS,CAAC,IAAI,CAAC,MAAM,CAAC,CAAC,CAAA;aAEnD;iBAAM;gBACL,OAAO,CAAC,IAAI,CAAC,QAAQ,GAAG,IAAI,CAAC,SAAS,CAAC,GAAG,CAAC,CAAC,CAAC;gBAC7C,YAAY,CAAC,OAAO,EAAE,CAAC;aACxB;QACH,CAAC,CAAC,CAAC;IACL,CAAC;IACD,MAAM;QAEJ,IAAI,IAAI,EAAC,IAAI,GACX;YACE,QAAQ,EAAC,IAAI,CAAC,eAAe;YAC7B,QAAQ,EAAC,IAAI,CAAC,QAAQ;SACvB,CAAA;QACH,OAAO,CAAC,GAAG,CAAC,KAAK,GAAC,IAAI,CAAC,QAAQ,EAAC,KAAK,GAAC,IAAI,CAAC,QAAQ,CAAC,CAAA;QACpD,IAAI,GAAG,EAAC,MAAM,GAAE,sCAAsC,CAAA;QACtD,mCAAmC;QACnC,IAAI,YAAY,GAAG,IAAI,CAAC,UAAU,EAAE,CAAC;QACrC,IAAI,OAAO,EAAC,IAAI,CAAC,kBAAkB,GACjC;YACE,MAAM,EAAE,IAAI,CAAC,aAAa,CAAC,IAAI;YAC/B,SAAS,EAAC,IAAI;YACd,cAAc,EAAE,IAAI,CAAC,YAAY,CAAC,MAAM;YACxC,MAAM,EAAE,EAAE,QAAQ,EAAE,kBAAkB,EAAE,cAAc,EAAC,kBAAkB,EAAC;SAC3E,CAAA;QAEH,YAAY,CAAC,OAAO,CAAC,GAAG,EAAC,OAAO,EAAC,CAAC,GAAG,EAAE,aAAa,EAAE,IAAI,EAAE,IAAI,CAAC,YAAY,EAAE,EAAE;YAC/E,IAAI,CAAC,GAAG,EAAE;gBACR,OAAO,CAAC,GAAG,CAAC,SAAS,EAAC,IAAI,CAAC,SAAS,CAAC,IAAI,CAAC,MAAM,CAAC,CAAC,CAAA;aAEnD;iBAAM;gBACL,OAAO,CAAC,IAAI,CAAC,QAAQ,GAAG,IAAI,CAAC,SAAS,CAAC,GAAG,CAAC,CAAC,CAAC;gBAC7C,YAAY,CAAC,OAAO,EAAE,CAAC;aACxB;QACH,CAAC,CAAC,CAAC;IACL,CAAC;IACD,UAAU;QACR,IAAI,GAAG,EAAE,MAAM,GAAG,wCAAwC,IAAI,CAAC,eAAe,EAAE,CAAC;QAEjF,IAAI,CAAC,UAAU,EAAE,CAAC,OAAO,CACvB,GAAG,EACH,EAAE,MAAM,EAAE,IAAI,CAAC,aAAa,CAAC,MAAM,EAAE,EACrC,CAAC,GAAG,EAAE,IAAI,EAAE,EAAE;YACZ,IAAI,CAAC,GAAG,EAAE;gBACR,OAAO,CAAC,GAAG,CAAC,OAAO,EAAE,IAAI,CAAC,MAAM,CAAC,CAAC;aACnC;iBAAM;gBACL,OAAO,CAAC,KAAK,CAAC,OAAO,EAAE,GAAG,CAAC,CAAC;aAC7B;QACH,CAAC,CACF,CAAC;IACJ,CAAC",
    "entry-package-info": "entry|1.0.0"
  },
  "entry|entry|1.0.0|src/main/ets/pages/MainPage.ts": {
    "version": 3,
    "file": "MainPage.ets",
    "sourceRoot": "",
    "sources": [
      "entry/src/main/ets/pages/MainPage.ets"
    ],
    "names": [],
    "mappings": ";;;;IAOS,YAAY,GAAE,MAAM;;OAPtB,MAAM;OACN,MAAM;OACN,MAAM;OACN,SAAS;MAGT,QAAQ;IAFf;;;;;2DAGgC,CAAC;;;KAJI;;;;;;;;;;;;;;;;IAInC,iDAAqB,MAAM,EAAI;QAAxB,YAAY;;;QAAZ,YAAY,WAAE,MAAM;;;IAG3B,UAAU,CAAC,KAAK,EAAE,MAAM,EAAE,KAAK,EAAE,MAAM;;YACrC,MAAM;;YAAN,MAAM,CAIL,KAAK,CAAC,MAAM;YAJb,MAAM,CAKL,MAAM,CAAC,MAAM;YALd,MAAM,CAML,cAAc,CAAC,SAAS,CAAC,WAAW;;;YALnC,4GAA4G;YAC5G,IAAI,QAAC,KAAK;;YADV,4GAA4G;YAC5G,IAAI,CAAQ,QAAQ,CAAC,EAAE;YADvB,4GAA4G;YAC5G,IAAI,CAAqB,SAAS,CAAC,IAAI,CAAC,YAAY,IAAI,KAAK,CAAC,CAAC,CAAC,WAAW,CAAC,CAAC,CAAC,KAAK,CAAC,KAAK;;QADzF,4GAA4G;QAC5G,IAAI;QAFN,MAAM;KAOP;IAED;;YACE,IAAI,QAAC,EAAE,WAAW,EAAE,WAAW,CAAC,GAAG,EAAE,KAAK,EAAE,IAAI,CAAC,YAAY,EAAE;;YAA/D,IAAI,CAeH,QAAQ,CAAC,KAAK;YAff,IAAI,CAgBH,KAAK,CAAC,MAAM;YAhBb,IAAI,CAiBH,MAAM,CAAC,MAAM;YAjBd,IAAI,CAkBH,UAAU,CAAC,KAAK;YAlBjB,IAAI,CAmBH,iBAAiB,CAAC,CAAC;YAnBpB,IAAI,CAoBH,kBAAkB,CAAC,KAAK,CAAC,KAAK;YApB/B,IAAI,CAqBH,QAAQ,CAAC,CAAC,KAAK,EAAE,MAAM,EAAE,EAAE;gBAC1B,IAAI,CAAC,YAAY,GAAG,KAAK,CAAA;YAC3B,CAAC;;;;;;;oDApBG,MAAM;;;;;;;;;;;;;uBACN,MAAM;oBAAC,IAAI,CAAC,UAAU,YAAC,CAAC,EAAE,IAAI;;;;;;;;;;oDAE9B,SAAS;;;;;;;;;;;;;uBACT,MAAM;oBAAC,IAAI,CAAC,UAAU,YAAC,CAAC,EAAE,IAAI;;;;;;;;;;oDAE9B,MAAM;;;;;;;;;;;;;uBACN,MAAM;oBAAC,IAAI,CAAC,UAAU,YAAC,CAAC,EAAE,IAAI;;;;;;;;;;oDAE9B,MAAM;;;;;;;;;;;;;uBACN,MAAM;oBAAC,IAAI,CAAC,UAAU,YAAC,CAAC,EAAE,IAAI;;;;;QAblC,IAAI;KAwBL",
    "entry-package-info": "entry|1.0.0"
  },
  "entry|entry|1.0.0|src/main/ets/pages/My.ts": {
    "version": 3,
    "file": "My.ets",
    "sourceRoot": "",
    "sources": [
      "entry/src/main/ets/pages/My.ets"
    ],
    "names": [],
    "mappings": ";;;;IAKS,QAAQ,GAAE,IAAI,EAAE;;YALlB,IAAI,MAAM,gBAAgB;OACxB,MAAM;AAGf,MAAM,CAAC,OAAO,OAAQ,MAAM;IAF5B;;;;;uDAG4B;YACxB;gBACE,EAAE,EAAE,CAAC;gBACL,KAAK,EAAE,UAAU;gBACjB,KAAK,EAAC,eAAe;aACtB;YACD;gBACE,EAAE,EAAE,CAAC;gBACL,KAAK,EAAE,WAAW;gBAClB,KAAK,EAAE,gBAAgB;aACxB;YACD;gBACE,EAAE,EAAE,CAAC;gBACL,KAAK,EAAE,UAAU;gBACjB,KAAK,EAAE,WAAW;aACnB;SACF;;;KApBgC;;;;;;;;;;;;;;;;IAIjC,6CAAiB,IAAI,EAAE,EAgBtB;QAhBM,QAAQ;;;QAAR,QAAQ,WAAE,IAAI,EAAE;;;IAiBvB;;YAEI,MAAM;;YAAN,MAAM,CA0GL,KAAK,CAAC,MAAM;;;YAxGX,GAAG;;YAAH,GAAG,CAKF,KAAK,CAAC,MAAM;YALb,GAAG,CAMF,cAAc,CAAC,SAAS,CAAC,GAAG;;;YAJ3B,KAAK,2CAAU,uBAAuB;;YAAtC,KAAK,CAAoC,KAAK,CAAC,EAAE;YAAjD,KAAK,CAA8C,OAAO,CAAC,GAAE,EAAE,GAAC,IAAI,CAAC,mBAAmB,EAAE,CAAA,CAAA,CAAC;;;YAC3F,KAAK,2CAAU,uBAAuB;;YAAtC,KAAK,CAAoC,KAAK,CAAC,EAAE;;QAHnD,GAAG;;YAOH,GAAG,QAAC,EAAC,KAAK,EAAC,EAAE,EAAC;;YAAd,GAAG,CASF,KAAK,CAAC,KAAK;YATZ,GAAG,CAUF,cAAc,CAAC,SAAS,CAAC,KAAK;;;YAR7B,KAAK,2CAAU,gBAAgB;;YAA/B,KAAK,CAA6B,KAAK,CAAC,KAAK;YAA7C,KAAK,CAA0C,MAAM,CAAC,EAAE;YAAxD,KAAK,CAAqD,YAAY,CAAC,EAAE;YAAzE,KAAK,CAAsE,OAAO,CAAC,GAAE,EAAE,GAAC,IAAI,CAAC,WAAW,EAAE,CAAA,CAAA,CAAC;;;YAC3G,MAAM;;;;YAEJ,IAAI,QAAC,IAAI;;;QAAT,IAAI;;YACJ,IAAI,QAAC,eAAe;;;QAApB,IAAI;QAHN,MAAM;QAHR,GAAG;;YAWH,IAAI,QAAC,MAAM;;YAAX,IAAI,CAAS,QAAQ,CAAC,EAAE;YAAxB,IAAI,CAAsB,UAAU,CAAC,GAAG;YAAxC,IAAI,CAAsC,SAAS,CAAC,SAAS,CAAC,KAAK;YAAnE,IAAI,CAAiE,KAAK,CAAC,KAAK;YAAhF,IAAI,CAA8E,MAAM,CAAC,EAAE;;QAA3F,IAAI;;YACJ,IAAI;;YAAJ,IAAI,CAOH,eAAe,CAAC,KAAK,CAAC,KAAK;YAP5B,IAAI,CAQH,KAAK,CAAC,KAAK;YARZ,IAAI,CASH,MAAM,CAAC,GAAG;YATX,IAAI,CAUH,UAAU,CAAC,EAAE;YAVd,IAAI,CAWH,YAAY,CAAC,KAAK;YAXnB,IAAI,CAYH,SAAS,CAAC,QAAQ,CAAC,GAAG;;;YAXrB,OAAO;mDAA6B,KAAK,EAAE,MAAM;;;;;;;;;wBAE7C,IAAI,CAAC,QAAQ,YAAC,IAAI,CAAC;wBADrB,QAAQ;;;;;+CADF,IAAI,CAAC,QAAQ;;QAArB,OAAO;QADT,IAAI;;YAaJ;;;;;;;eAOG;YACH,MAAM,QAAC,EAAC,KAAK,EAAC,EAAE,EAAC;;;;YAEf,IAAI,QAAC,MAAM;;YAAX,IAAI,CAAS,KAAK,CAAC,KAAK;;QAAxB,IAAI;;YACJ,GAAG,QAAC,EAAE,KAAK,EAAE,EAAE,EAAE;;;;YACf,MAAM;;;;YACJ,KAAK,2CAAU,iBAAiB;;YAAhC,KAAK,CAA8B,KAAK,CAAC,EAAE;;;YAC3C,IAAI,QAAC,IAAI;;;QAAT,IAAI;QAFN,MAAM;;YAKN,MAAM;;;;YACJ,KAAK,2CAAU,sBAAsB;;YAArC,KAAK,CAAmC,KAAK,CAAC,EAAE;;;YAChD,IAAI,QAAC,IAAI;;;QAAT,IAAI;QAFN,MAAM;;YAKN,MAAM;;;;YACJ,KAAK,2CAAU,gBAAgB;;YAA/B,KAAK,CAA6B,KAAK,CAAC,EAAE;;;YAC1C,IAAI,QAAC,IAAI;;;QAAT,IAAI;QAFN,MAAM;;YAKN,MAAM;;;;YACJ,KAAK,2CAAU,sCAAsC;;YAArD,KAAK,CAAmD,KAAK,CAAC,EAAE;;;YAChE,IAAI,QAAC,IAAI;;;QAAT,IAAI;QAFN,MAAM;QAhBR,GAAG;;YAsBH,IAAI,QAAC,MAAM;;YAAX,IAAI,CAAS,KAAK,CAAC,KAAK;;QAAxB,IAAI;;YACJ,GAAG,QAAC,EAAE,KAAK,EAAE,EAAE,EAAE;;YAAjB,GAAG,CAgBF,KAAK,CAAC,KAAK;YAhBZ,GAAG,CAiBF,MAAM,CAAC,EAAE,IAAI,EAAE,EAAE,EAAE;YAjBpB,GAAG,CAkBF,cAAc,CAAC,SAAS,CAAC,KAAK;;;YAjB7B,MAAM;;;;YACJ,KAAK,2CAAU,4BAA4B;;YAA3C,KAAK,CAAyC,KAAK,CAAC,EAAE;;;YACtD,IAAI,QAAC,IAAI;;;QAAT,IAAI;QAFN,MAAM;;YAKN,MAAM;;;;YACJ,KAAK,2CAAU,kBAAkB;;YAAjC,KAAK,CAA+B,KAAK,CAAC,EAAE;;;YAC5C,IAAI,QAAC,KAAK;;;QAAV,IAAI;QAFN,MAAM;;YAKN,MAAM;;;;YACJ,KAAK,2CAAU,mBAAmB;;YAAlC,KAAK,CAAgC,KAAK,CAAC,EAAE;;;YAC7C,IAAI,QAAC,IAAI;;;QAAT,IAAI;QAFN,MAAM;QAXR,GAAG;;YAoBH,IAAI,QAAC,MAAM;;YAAX,IAAI,CAAS,KAAK,CAAC,KAAK;;QAAxB,IAAI;;YACJ,GAAG,QAAC,EAAE,KAAK,EAAE,EAAE,EAAE;;YAAjB,GAAG,CAWF,KAAK,CAAC,KAAK;YAXZ,GAAG,CAYF,MAAM,CAAC,EAAE,IAAI,EAAE,EAAE,EAAE;YAZpB,GAAG,CAaF,cAAc,CAAC,SAAS,CAAC,KAAK;;;YAZ7B,MAAM;;;;YACJ,KAAK,2CAAU,mBAAmB;;YAAlC,KAAK,CAAgC,KAAK,CAAC,EAAE;;;YAC7C,IAAI,QAAC,IAAI;;;QAAT,IAAI;QAFN,MAAM;;YAKN,MAAM;;;;YACJ,KAAK,2CAAU,iBAAiB;;YAAhC,KAAK,CAA8B,KAAK,CAAC,EAAE;;;YAC3C,IAAI,QAAC,IAAI;;;QAAT,IAAI;QAFN,MAAM;QANR,GAAG;QAvDL;;;;;;;WAOG;QACH,MAAM;QA1CR,MAAM;KA4GT;IAED,QAAQ,CAAC,IAAI,EAAE,IAAI;;YACjB,MAAM;;YAAN,MAAM,CAeL,KAAK,CAAC,KAAK;YAfZ,MAAM,CAgBL,MAAM,CAAC,MAAM;YAhBd,MAAM,CAiBL,eAAe,CAAC,SAAS;YAjB1B,MAAM,CAkBL,YAAY,CAAC,EAAE;;;YAjBd,KAAK,QAAC,EAAE,YAAY,EAAE,SAAS,CAAC,SAAS,EAAE;;YAA3C,KAAK,CAIJ,KAAK,CAAC,MAAM;YAJb,KAAK,CAKJ,MAAM,CAAC,KAAK;;;YAJX,KAAK,4CAAU,QAAQ,GAAG,IAAI,CAAC,KAAK;;YAApC,KAAK,CAAkC,KAAK,CAAC,MAAM;YAAnD,KAAK,CAAgD,MAAM,CAAC,MAAM;YAAlE,KAAK,CACF,SAAS,CAAC,QAAQ,CAAC,KAAK;YAD3B,KAAK,CACwB,YAAY,CAAC,EAAE,OAAO,EAAE,EAAE,EAAE,QAAQ,EAAE,EAAE,EAAE;;QAFzE,KAAK;;YAOL,MAAM;;YAAN,MAAM,CAGL,KAAK,CAAC,MAAM;YAHb,MAAM,CAIL,MAAM,CAAC,KAAK;YAJb,MAAM,CAKL,cAAc,CAAC,SAAS,CAAC,WAAW;;;YAJnC,IAAI,QAAC,IAAI,CAAC,KAAK;;YAAf,IAAI,CAAa,KAAK,CAAC,KAAK;YAA5B,IAAI,CAA0B,QAAQ,CAAC,EAAE;YAAzC,IAAI,CAAuC,QAAQ,CAAC,CAAC;YAArD,IAAI,CAAmD,YAAY,CAAC,EAAE,QAAQ,EAAE,YAAY,CAAC,QAAQ,EAAE;;QAAvG,IAAI;QADN,MAAM;QARR,MAAM;KAmBP;IACD,WAAW;QAET,MAAM,CAAC,OAAO,CAAC;YACV,GAAG,EAAC,yBAAyB;SACjC,CAAC,CAAA;IACJ,CAAC;IACD,mBAAmB;QAEjB,MAAM,CAAC,OAAO,CAAC;YACb,GAAG,EAAC,mCAAmC;SACxC,CAAC,CAAA;IACJ,CAAC",
    "entry-package-info": "entry|1.0.0"
  },
  "entry|entry|1.0.0|src/main/ets/pages/PersonInformation.ts": {
    "version": 3,
    "file": "PersonInformation.ets",
    "sourceRoot": "",
    "sources": [
      "entry/src/main/ets/pages/PersonInformation.ets"
    ],
    "names": [],
    "mappings": ";;;;IAOS,IAAI,GAAE,KAAK,CAAC,MAAM,CAAC;IAInB,YAAY,GAAE,GAAG,CAAC,MAAM,CAAC;IACzB,IAAI,GAAE,MAAM;IACnB,UAAU,GAAE,mBAAmB;IACxB,SAAS,GAAE,MAAM;;OAdjB,MAAM;AAIf,MAAM,CAAC,OAAO,OAAQ,iBAAiB;IAHvC;;;;;mDAM+B;YAC3B,SAAS,EAAE,IAAI,EAAE,OAAO,EAAE,aAAa,EAAE,QAAQ,EAAE,IAAI,EAAE,IAAI,EAAE,KAAK;SACrE;2DAEkC,IAAI,GAAG,EAAE;mDACtB,EAAE;0BACU,IAAI,mBAAmB,EAAE;wDAChC,EAAE;;;KAdI;;;;;;;;;;;;;;;;;;;;;;;;;;;;;;;;;;IAMjC,WAAW;IACX,yCAAa,KAAK,CAAC,MAAM,CAAC,EAExB;QAFK,IAAI;;;QAAJ,IAAI,WAAE,KAAK,CAAC,MAAM,CAAC;;;IAG1B,eAAe;IACf,iDAAqB,GAAG,CAAC,MAAM,CAAC,EAAa;QAAtC,YAAY;;;QAAZ,YAAY,WAAE,GAAG,CAAC,MAAM,CAAC;;;IAChC,yCAAa,MAAM,EAAM;QAAlB,IAAI;;;QAAJ,IAAI,WAAE,MAAM;;;IACnB,oBAAY,mBAAmB,CAA6B;IAC5D,8CAAkB,MAAM,EAAM;QAAvB,SAAS;;;QAAT,SAAS,WAAE,MAAM;;;IACxB;;YAEE,MAAM;;YAAN,MAAM,CA6GL,KAAK,CAAC,MAAM;YA7Gb,MAAM,CA8GL,MAAM,CAAC,MAAM;;;YA5GZ,GAAG,QAAC,EAAC,KAAK,EAAC,GAAG,EAAC;;;;YAEX,KAAK,2CAAU,0BAA0B;;YAAzC,KAAK,CAAuC,KAAK,CAAC,EAAE;YAApD,KAAK,CAAiD,OAAO,CAAC,GAAE,EAAE,GAAC,IAAI,CAAC,0BAA0B,EAAE,CAAA,CAAA,CAAC;;;YACrG,IAAI,QAAC,MAAM;;YAAX,IAAI,CAAS,QAAQ,CAAC,EAAE;;QAAxB,IAAI;;YACJ,IAAI,QAAC,IAAI;;YAAT,IAAI,CAAO,SAAS,CAAC,KAAK,CAAC,IAAI;YAA/B,IAAI,CAA6B,OAAO,CAAC,GAAE,EAAE,GAAC,IAAI,CAAC,0BAA0B,EAAE,CAAA,CAAA,CAAC;;QAAhF,IAAI;QAJR,GAAG;;YAMH,OAAO;;YAAP,OAAO,CAAG,WAAW,CAAC,CAAC;YAAvB,OAAO,CAAkB,KAAK,CAAC,SAAS;;;YACxC,MAAM;;;;YAED,KAAK,2CAAU,eAAe;;YAA9B,KAAK,CAA4B,KAAK,CAAC,GAAG;YAA1C,KAAK,CAAuC,YAAY,CAAC,EAAE;;;YAC3D,IAAI,QAAC,QAAQ;;YAAb,IAAI,CAAW,QAAQ,CAAC,EAAE;YAA1B,IAAI,CAAwB,SAAS,CAAC,KAAK,CAAC,IAAI;;QAAhD,IAAI;QAHT,MAAM;;YAKN,MAAM;;;;YAEJ,IAAI,QAAC,IAAI;;YAAT,IAAI,CAAO,KAAK,CAAC,KAAK;;QAAtB,IAAI;;YACJ,SAAS,QAAC,EAAC,WAAW,EAAC,IAAI,EAAC;;YAA5B,SAAS,CAAqB,SAAS,CAAC,KAAK,CAAC,IAAI;YAAlD,SAAS,CACN,aAAa,CAAC,IAAI;YADrB,SAAS,CAEN,KAAK,CAAC,GAAG;YAFZ,SAAS,CAGN,MAAM,CAAC,EAAE;;QANd,MAAM;;YAQN,MAAM;;;;YAEJ,IAAI,QAAC,IAAI;;YAAT,IAAI,CAAO,KAAK,CAAC,KAAK;;QAAtB,IAAI;;YACJ,SAAS,QAAC,EAAC,WAAW,EAAC,eAAe,EAAC;;YAAvC,SAAS,CAAgC,SAAS,CAAC,KAAK,CAAC,IAAI;YAA7D,SAAS,CACN,aAAa,CAAC,IAAI;YADrB,SAAS,CAEN,KAAK,CAAC,GAAG;YAFZ,SAAS,CAGN,MAAM,CAAC,EAAE;;QANd,MAAM;;YAQN,MAAM;;;;YAEJ,IAAI,QAAC,IAAI;;YAAT,IAAI,CAAO,KAAK,CAAC,KAAK;;QAAtB,IAAI;;YACJ,SAAS,QAAC,EAAC,WAAW,EAAC,wBAAwB,EAAC;;YAAhD,SAAS,CAAyC,SAAS,CAAC,KAAK,CAAC,IAAI;YAAtE,SAAS,CACN,aAAa,CAAC,IAAI;YADrB,SAAS,CAEN,KAAK,CAAC,GAAG;YAFZ,SAAS,CAGN,MAAM,CAAC,EAAE;;QANd,MAAM;;YAQN,MAAM;;;;YAEJ,IAAI,QAAC,IAAI;;YAAT,IAAI,CAAO,KAAK,CAAC,KAAK;;QAAtB,IAAI;;YACJ,SAAS,QAAC,EAAC,WAAW,EAAC,EAAE,EAAC;;YAA1B,SAAS,CAAmB,SAAS,CAAC,KAAK,CAAC,IAAI;YAAhD,SAAS,CACN,aAAa,CAAC,IAAI;YADrB,SAAS,CAEN,SAAS,CAAC,IAAI,CAAC,SAAS;YAF3B,SAAS,CAGN,IAAI,CAAC,SAAS,CAAC,QAAQ;YAH1B,SAAS,CAIN,KAAK,CAAC,GAAG;YAJZ,SAAS,CAKN,MAAM,CAAC,EAAE;YALZ,SAAS,CAMN,gBAAgB,CAAC,IAAI;YANxB,SAAS,CAON,eAAe,CAAC,KAAK,CAAC,KAAK;;QAVhC,MAAM;;YAYN,MAAM,QAAC,EAAE,KAAK,EAAE,EAAE,EAAE;;YAApB,MAAM,CAuCL,KAAK,CAAC,KAAK;;;YAtCV,aAAa;YACb,GAAG;;YADH,aAAa;YACb,GAAG,CAUF,KAAK,CAAC,KAAK;YAXZ,aAAa;YACb,GAAG,CAWF,cAAc,CAAC,SAAS,CAAC,KAAK;;;YAV7B,IAAI,QAAC,MAAM;;YAAX,IAAI,CACD,QAAQ,CAAC,EAAE;YADd,IAAI,CAED,UAAU,CAAC,UAAU,CAAC,IAAI;;QAF7B,IAAI;;YAIJ,IAAI,QAAC,OAAO,IAAI,CAAC,YAAY,CAAC,IAAI,IAAI;;YAAtC,IAAI,CACD,QAAQ,CAAC,EAAE;YADd,IAAI,CAED,SAAS,CAAC,MAAM;YAFnB,IAAI,CAGD,MAAM,CAAC,EAAE,IAAI,EAAE,EAAE,EAAE;;QAHtB,IAAI;QANN,aAAa;QACb,GAAG;;YAaH,kBAAkB;YAClB,IAAI,QAAC,EAAE,IAAI,EAAE,QAAQ,CAAC,IAAI,EAAE;;YAD5B,kBAAkB;YAClB,IAAI,CAqBH,KAAK,CAAC,MAAM;;;YApBX,OAAO;mDAA0B,KAAK,EAAE,MAAM;;;oBAC5C,SAAS;oBACT,MAAM,iBAAC,GAAG;;oBADV,SAAS;oBACT,MAAM,CACH,OAAO,CAAC,EAAE;oBAFb,SAAS;oBACT,MAAM,CAEH,MAAM,CAAC,CAAC;oBAHX,SAAS;oBACT,MAAM,CAGH,YAAY,CAAC,EAAE;oBAJlB,SAAS;oBACT,MAAM,CAIH,eAAe,CAAC,IAAI,CAAC,YAAY,CAAC,GAAG,CAAC,KAAK,CAAC,CAAC,CAAC,CAAC,SAAS,CAAC,CAAC,CAAC,SAAS;oBALvE,SAAS;oBACT,MAAM,CAKH,SAAS,CAAC,IAAI,CAAC,YAAY,CAAC,GAAG,CAAC,KAAK,CAAC,CAAC,CAAC,CAAC,KAAK,CAAC,KAAK,CAAC,CAAC,CAAC,KAAK,CAAC,KAAK;oBANrE,SAAS;oBACT,MAAM,CAMH,OAAO,CAAC,GAAG,EAAE;wBACZ,SAAS;wBACT,IAAI,IAAI,CAAC,YAAY,CAAC,GAAG,CAAC,KAAK,CAAC,EAAE;4BAChC,IAAI,CAAC,YAAY,CAAC,MAAM,CAAC,KAAK,CAAC,CAAC;yBACjC;6BAAM;4BACL,IAAI,CAAC,YAAY,CAAC,GAAG,CAAC,KAAK,CAAC,CAAC;yBAC9B;wBACD,WAAW;wBACX,IAAI,CAAC,YAAY,GAAG,IAAI,GAAG,CAAC,IAAI,CAAC,YAAY,CAAC,CAAC;oBACjD,CAAC;;gBAhBH,SAAS;gBACT,MAAM;;+CAFA,IAAI,CAAC,IAAI;;QAAjB,OAAO;QAFT,kBAAkB;QAClB,IAAI;QAhBN,MAAM;;YAwCN,MAAM;;YAAN,MAAM,CAcL,KAAK,CAAC,MAAM;YAdb,MAAM,CAeL,MAAM,CAAC,MAAM;YAfd,MAAM,CAgBL,eAAe,CAAC,KAAK,CAAC,KAAK;YAhB5B,MAAM,CAiBL,YAAY,CAAC,EAAE;;;YAhBd,IAAI,QAAC,MAAM;;YAAX,IAAI,CAAS,KAAK,CAAC,KAAK;;QAAxB,IAAI;;YACJ,SAAS,QAAC,EAAE,IAAI,EAAE,IAAI,CAAC,IAAI,EAAE,UAAU,EAAE,IAAI,CAAC,UAAU,EAAE;;YAA1D,SAAS,CACN,eAAe,CAAC,EAAE,IAAI,EAAE,EAAE,EAAE,MAAM,EAAE,GAAG,EAAE;YAD5C,SAAS,CAEN,KAAK,CAAC,GAAG;YAFZ,SAAS,CAGN,MAAM,CAAC,EAAE;YAHZ,SAAS,CAIN,SAAS,CAAC,EAAE;YAJf,SAAS,CAKN,aAAa,CAAC,KAAK;YALtB,SAAS,CAMN,WAAW,CAAC,IAAI,EACf,EAAE,mBAAmB,EAAE,CAAC,EAAE,eAAe,EAAE,IAAI,EAAE;YAPrD,SAAS,CAQN,QAAQ,CAAC,CAAC,KAAK,EAAE,MAAM,EAAE,EAAE;gBAC1B,IAAI,CAAC,IAAI,GAAG,KAAK,CAAC;YACpB,CAAC;;QAZL,MAAM;QA1FR,MAAM;KA+GP;IACD,0BAA0B;QAExB,MAAM,CAAC,OAAO,CACZ;YACE,GAAG,EAAC,UAAU;SACf,CACF,CAAA;IACH,CAAC",
    "entry-package-info": "entry|1.0.0"
  },
  "entry|entry|1.0.0|src/main/ets/pages/SearchClass.ts": {
    "version": 3,
    "file": "SearchClass.ets",
    "sourceRoot": "",
    "sources": [
      "entry/src/main/ets/pages/SearchClass.ets"
    ],
    "names": [],
    "mappings": ";;;;IAkBS,OAAO,GAAE,MAAM;IACf,eAAe,GAAE,MAAM;IACvB,YAAY,GAAE,OAAO;IACrB,YAAY,GAAE,OAAO;IACrB,cAAc,GAAE,MAAM;IACtB,UAAU,GAAE,MAAM;IAEjB,QAAQ,GAAE,OAAO,EAAE;IAMnB,OAAO,GAAE,UAAU,EAAE;IAWrB,SAAS,GAAE,MAAM,EAAE;IACnB,WAAW,GAAE,MAAM,EAAE;IACrB,IAAI,GAAE,MAAM,EAAE;;AA5CxB,UAAU,OAAO;IACf,IAAI,EAAE,MAAM,CAAC;IACb,IAAI,EAAE,QAAQ,CAAC;CAChB;AAED,UAAU,UAAU;IAClB,EAAE,EAAE,MAAM,CAAC;IACX,OAAO,EAAE,QAAQ,CAAC;IAClB,KAAK,EAAE,MAAM,CAAC;IACd,KAAK,EAAE,MAAM,CAAC;IACd,QAAQ,EAAE,MAAM,CAAC;IACjB,WAAW,CAAC,EAAE,OAAO,CAAC;CACvB;AAKD,MAAM,CAAC,OAAO,OAAQ,SAAS;IAF/B;;;;;sDAG2B,UAAU;8DACF,CAAC;2DACH,KAAK;2DACL,KAAK;6DACJ,OAAO;yDACX,MAAM;wBAEJ;YAC5B,EAAC,IAAI,EAAE,IAAI,EAAE,IAAI,qCAAW,iBAAiB,qEAAC,EAAC;YAC/C,EAAC,IAAI,EAAE,IAAI,EAAE,IAAI,qCAAW,2BAA2B,qEAAC,EAAC;YACzD,EAAC,IAAI,EAAE,IAAI,EAAE,IAAI,qCAAW,gBAAgB,qEAAC,EAAC;YAC9C,EAAC,IAAI,EAAE,IAAI,EAAE,IAAI,qCAAW,iBAAiB,qEAAC,EAAC;SAChD;uBAC+B;YAC9B,EAAE,EAAE,EAAE,CAAC,EAAC,OAAO,iHAAkB,EAAE,KAAK,EAAE,gBAAgB,EAAE,KAAK,EAAE,IAAI,EAAE,QAAQ,EAAE,EAAE,EAAE,WAAW,EAAE,IAAI,EAAE;YAC1G,EAAE,EAAE,EAAE,CAAC,EAAC,OAAO,iHAAkB,EAAE,KAAK,EAAE,WAAW,EAAG,KAAK,EAAE,IAAI,EAAE,QAAQ,EAAE,GAAG,EAAE;YACpF,EAAE,EAAE,EAAE,CAAC,EAAC,OAAO,iHAAkB,EAAE,KAAK,EAAE,WAAW,EAAG,KAAK,EAAE,IAAI,EAAE,QAAQ,EAAE,EAAE,EAAE;YACnF,EAAE,EAAE,EAAE,CAAC,EAAC,OAAO,iHAAkB,EAAE,KAAK,EAAE,QAAQ,EAAE,KAAK,EAAE,GAAG,EAAE,QAAQ,EAAE,EAAE,EAAE;YAC9E,EAAE,EAAE,EAAE,CAAC,EAAC,OAAO,iHAAkB,EAAE,KAAK,EAAE,SAAS,EAAE,KAAK,EAAE,IAAI,EAAE,QAAQ,EAAE,EAAE,EAAE;YAChF,EAAE,EAAE,EAAE,CAAC,EAAC,OAAO,iHAAkB,EAAE,KAAK,EAAE,QAAQ,EAAE,KAAK,EAAE,IAAI,EAAE,QAAQ,EAAE,EAAE,EAAG;YAChF,EAAE,EAAE,EAAE,CAAC,EAAC,OAAO,iHAAkB,EAAE,KAAK,EAAE,QAAQ,EAAE,KAAK,EAAE,GAAG,EAAE,QAAQ,EAAE,EAAE,EAAE;YAC9E,EAAE,EAAE,EAAE,CAAC,EAAC,OAAO,iHAAkB,EAAE,KAAK,EAAE,MAAM,EAAE,KAAK,EAAE,KAAK,EAAE,QAAQ,EAAE,EAAE,EAAE;YAC9E,EAAE,EAAE,EAAE,CAAC,EAAC,OAAO,iHAAkB,EAAE,KAAK,EAAE,QAAQ,EAAE,KAAK,EAAE,KAAK,EAAE,QAAQ,EAAE,EAAE,EAAE;SACjF;yBAC6B,CAAC,OAAO,EAAE,OAAO,EAAE,YAAY,EAAE,YAAY,CAAC;2BAC5C,CAAC,MAAM,EAAE,MAAM,CAAC;oBACvB,CAAC,IAAI,EAAE,IAAI,EAAC,IAAI,EAAC,OAAO,EAAC,KAAK,EAAC,KAAK,EAAC,MAAM,CAAC;;;KAhCtE;;;;;;;;;;;;;;;;;;;;;;;;;;;;;;;;;;;;;;;;;;;;;;;;;;;;;;;;IAMC,4CAAgB,MAAM,EAAa;QAA5B,OAAO;;;QAAP,OAAO,WAAE,MAAM;;;IACtB,oDAAwB,MAAM,EAAK;QAA5B,eAAe;;;QAAf,eAAe,WAAE,MAAM;;;IAC9B,iDAAqB,OAAO,EAAS;QAA9B,YAAY;;;QAAZ,YAAY,WAAE,OAAO;;;IAC5B,iDAAqB,OAAO,EAAS;QAA9B,YAAY;;;QAAZ,YAAY,WAAE,OAAO;;;IAC5B,mDAAuB,MAAM,EAAU;QAAhC,cAAc;;;QAAd,cAAc,WAAE,MAAM;;;IAC7B,+CAAmB,MAAM,EAAS;QAA3B,UAAU;;;QAAV,UAAU,WAAE,MAAM;;;IAEzB,OAAO,WAAW,OAAO,EAAE,CAKzB;IACF,OAAO,UAAU,UAAU,EAAE,CAU5B;IACD,OAAO,YAAY,MAAM,EAAE,CAAiD;IAC5E,OAAO,cAAc,MAAM,EAAE,CAAmB;IAChD,OAAO,OAAO,MAAM,EAAE,CAA+C;IAErE;;YACE,MAAM;;;;YACJ,wBAAwB;YACxB,MAAM,QAAC,EAAC,WAAW,EAAC,SAAS,EAAC;;YAD9B,wBAAwB;YACxB,MAAM,CAA0B,YAAY,CAAC,IAAI;;QADjD,wBAAwB;QACxB,MAAM;;YACN,OAAO;YACP,GAAG;;YADH,OAAO;YACP,GAAG,CA0CF,cAAc,CAAC,SAAS,CAAC,KAAK;YA3C/B,OAAO;YACP,GAAG,CA2CF,KAAK,CAAC,MAAM;YA5Cb,OAAO;YACP,GAAG,CA4CF,MAAM,CAAC,EAAE,GAAG,EAAE,EAAE,EAAE;;;YA3CjB,OAAO;mDAAmC,KAAK,EAAC,MAAM;;;oBACpD,GAAG;;oBAAH,GAAG,CAiCF,cAAc,CAAC,SAAS,CAAC,MAAM;oBAjChC,GAAG,CAkCF,MAAM,CAAC,EAAE;oBAlCV,GAAG,CAmCF,OAAO,CAAC,EAAE;oBAnCX,GAAG,CAoCF,YAAY,CAAC,CAAC;oBApCf,GAAG,CAqCF,eAAe,CAAC,KAAK,CAAC,WAAW;;;oBApChC,IAAI,QAAC,MAAM;;oBAAX,IAAI,CACD,QAAQ,CAAC,EAAE;;gBADd,IAAI;;;oBAGJ,aAAa;oBACb,IAAI,MAAM,KAAK,MAAM,EAAE;;;gCACrB,MAAM;;gCAAN,MAAM,CAQL,OAAO,CAAC,CAAC,CAAC,EAAE,UAAU,EAAE,EAAE;oCACzB,IAAI,CAAC,YAAY,GAAG,IAAI,CAAC;oCACzB,IAAI,CAAC,YAAY,GAAG,KAAK,CAAC;gCAC5B,CAAC;;;gCAVC,KAAK,2CAAU,mCAAmC;;gCAAlD,KAAK,CACF,KAAK,CAAC,EAAE;gCADX,KAAK,CAEF,MAAM,CAAC,EAAE;gCAFZ,KAAK,CAGF,MAAM,CAAC,EAAE,IAAI,EAAE,CAAC,EAAE;gCAHrB,KAAK,CAIF,SAAS,CAAC,IAAI,CAAC,YAAY,CAAC,CAAC,CAAC,SAAS,CAAC,CAAC,CAAC,WAAW;gCAJxD,KAAK,CAKF,OAAO,CAAC,IAAI,CAAC,YAAY,CAAC,CAAC,CAAC,GAAG,CAAC,CAAC,CAAC,GAAG;;4BAN1C,MAAM;;qBAYP;yBAAM;;;gCACL,MAAM;;gCAAN,MAAM,CAQL,OAAO,CAAC,CAAC,CAAC,EAAE,UAAU,EAAE,EAAE;oCACzB,IAAI,CAAC,YAAY,GAAG,IAAI,CAAC;oCACzB,IAAI,CAAC,YAAY,GAAG,KAAK,CAAC;gCAC5B,CAAC;;;gCAVC,KAAK,2CAAU,mCAAmC;;gCAAlD,KAAK,CACF,KAAK,CAAC,EAAE;gCADX,KAAK,CAEF,MAAM,CAAC,EAAE;gCAFZ,KAAK,CAGF,MAAM,CAAC,EAAE,IAAI,EAAE,CAAC,EAAE;gCAHrB,KAAK,CAIF,SAAS,CAAC,IAAI,CAAC,YAAY,CAAC,CAAC,CAAC,SAAS,CAAC,CAAC,CAAC,WAAW;gCAJxD,KAAK,CAKF,OAAO,CAAC,IAAI,CAAC,YAAY,CAAC,CAAC,CAAC,GAAG,CAAC,CAAC,CAAC,GAAG;;4BAN1C,MAAM;;qBAYP;;;gBA/BH,GAAG;;+CADG,IAAI,CAAC,WAAW;;QAAxB,OAAO;QAFT,OAAO;QACP,GAAG;;YA8CH,OAAO;;YAAP,OAAO,CACJ,KAAK,CAAC,WAAW;YADpB,OAAO,CAEJ,WAAW,CAAC,CAAC;;;YAEhB,GAAG;;YAAH,GAAG,CAuGF,KAAK,CAAC,MAAM;YAvGb,GAAG,CAwGF,MAAM,CAAC,KAAK;YAxGb,GAAG,CAyGF,eAAe,CAAC,WAAW;;;YAxG1B,MAAM;;YAAN,MAAM,CAmBL,KAAK,CAAC,KAAK;YAnBZ,MAAM,CAoBL,MAAM,CAAC,MAAM;YApBd,MAAM,CAqBL,eAAe,CAAC,SAAS;;;YApBxB,OAAO;mDAA+B,KAAK,EAAE,MAAM;;;oBACjD,MAAM;;oBAAN,MAAM,CAOL,KAAK,CAAC,MAAM;oBAPb,MAAM,CAQL,MAAM,CAAC,EAAE;oBARV,MAAM,CASL,eAAe,CACd,IAAI,CAAC,cAAc,KAAK,QAAQ,CAAC,CAAC,CAAC,SAAS,CAAC,CAAC,CAAC,SAAS,CAAE,eAAe;;oBAV3E,MAAM,CAYL,OAAO,CAAC,GAAG,EAAE;wBACZ,IAAI,CAAC,cAAc,GAAG,QAAQ,CAAC,CAAE,uBAAuB;oBAC1D,CAAC;;;oBAbC,IAAI,QAAC,QAAQ;;oBAAb,IAAI,CACD,KAAK,CAAC,MAAM;oBADf,IAAI,CAED,MAAM,CAAC,MAAM;oBAFhB,IAAI,CAGD,SAAS,CAAC,SAAS,CAAC,MAAM;oBAH7B,IAAI,CAID,SAAS,CAAC,IAAI,CAAC,cAAc,KAAK,QAAQ,CAAC,CAAC,CAAC,WAAW,CAAC,CAAC,CAAC,WAAW;;gBAJzE,IAAI;gBADN,MAAM;;+CADA,IAAI,CAAC,IAAI;;QAAjB,OAAO;QADT,MAAM;;YAuBN,MAAM;;;;YACJ,OAAO;YACP,GAAG;;YADH,OAAO;YACP,GAAG,CAmBF,KAAK,CAAC,KAAK;YApBZ,OAAO;YACP,GAAG,CAoBF,OAAO,CAAC,CAAC;;;YAnBR,OAAO;;;;oBACL,MAAM,iBAAC,QAAQ;;oBAAf,MAAM,CACH,QAAQ,CAAC,EAAE;oBADd,MAAM,CAEH,SAAS,CAAC,WAAW;oBAFxB,MAAM,CAGH,eAAe,CAAC,KAAK,CAAC,WAAW;;;;oBAHpC,MAAM,CAYH,OAAO,CAAC,GAAG,EAAE;wBACZ,IAAI,CAAC,cAAc,GAAG,QAAQ,CAAA;oBAChC,CAAC;;gBAdH,MAAM;;+CADA,IAAI,CAAC,SAAS;;QAAtB,OAAO;QAFT,OAAO;QACP,GAAG;;YAsBH,OAAO;;YAAP,OAAO,CACJ,KAAK,CAAC,WAAW;YADpB,OAAO,CAEJ,WAAW,CAAC,CAAC;YAFhB,OAAO,CAGJ,KAAK,CAAC,KAAK;;;YAEd,OAAO;YACP,MAAM;;;;YACJ,MAAM;;YAAN,MAAM,CA2CL,KAAK,CAAC,KAAK;YA3CZ,MAAM,CA4CL,OAAO,CAAC,CAAC;;;YA3CR,OAAO;;;;oBACL,GAAG;;;;oBAED,KAAK,QAAC,MAAM,CAAC,OAAO;;oBAApB,KAAK,CACF,KAAK,CAAC,EAAE;oBADX,KAAK,CAEF,MAAM,CAAC,EAAE;oBAFZ,KAAK,CAGF,SAAS,CAAC,QAAQ,CAAC,KAAK;oBAH3B,KAAK,CAIF,YAAY,CAAC,CAAC;;;oBAEjB,MAAM;;oBAAN,MAAM,CAwBL,KAAK,CAAC,KAAK;oBAxBZ,MAAM,CAyBL,OAAO,CAAC,CAAC;oBAzBV,MAAM,CA0BL,eAAe,CAAC,SAAS;oBA1B1B,MAAM,CA2BL,YAAY,CAAC,CAAC;oBA3Bf,MAAM,CA4BL,MAAM,CAAC,EAAE,MAAM,EAAE,EAAE,EAAE;oBA5BtB,MAAM,CA6BL,UAAU,CAAC,eAAe,CAAC,KAAK;;;oBA3B/B,IAAI,QAAC,MAAM,CAAC,KAAK;;oBAAjB,IAAI,CACD,QAAQ,CAAC,EAAE;oBADd,IAAI,CAED,SAAS,CAAC,WAAW;oBAFxB,IAAI,CAGD,MAAM,CAAC,EAAE,GAAG,EAAE,CAAC,EAAE;oBAHpB,IAAI,CAID,OAAO,CAAC,EAAE,IAAI,EAAE,CAAC,EAAE;;gBAJtB,IAAI;;oBAMJ,GAAG;;oBAAH,GAAG,CAcF,MAAM,CAAC,EAAE,GAAG,EAAE,EAAE,EAAE;;;oBAbjB,IAAI,QAAC,GAAG,MAAM,CAAC,KAAK,CAAC,OAAO,CAAC,CAAC,CAAC,EAAE;;oBAAjC,IAAI,CACD,QAAQ,CAAC,EAAE;oBADd,IAAI,CAED,SAAS,CAAC,WAAW;oBAFxB,IAAI,CAGD,OAAO,CAAC,EAAE,IAAI,EAAE,CAAC,EAAE;;gBAHtB,IAAI;;oBAKJ,IAAI,QAAC,GAAG,MAAM,CAAC,QAAQ,KAAK;;oBAA5B,IAAI,CACD,QAAQ,CAAC,EAAE;oBADd,IAAI,CAED,SAAS,CAAC,WAAW;oBAFxB,IAAI,CAGD,SAAS,CAAC,SAAS,CAAC,GAAG;oBAH1B,IAAI,CAID,MAAM,CAAC,EAAE,IAAI,EAAE,EAAE,EAAE;oBAJtB,IAAI,CAKD,YAAY,CAAC,CAAC;oBALjB,IAAI,CAMD,OAAO,CAAC,EAAE,KAAK,EAAE,EAAE,EAAE;;gBANxB,IAAI;gBANN,GAAG;gBARL,MAAM;gBARR,GAAG;;+CADG,IAAI,CAAC,OAAO;;QAApB,OAAO;QADT,MAAM;QAFR,OAAO;QACP,MAAM;QA9BR,MAAM;QAxBR,GAAG;QAtDL,MAAM;KAiKP",
    "entry-package-info": "entry|1.0.0"
  },
  "entry|entry|1.0.0|src/main/ets/pages/settings/AboutPage.ts": {
    "version": 3,
    "file": "AboutPage.ets",
    "sourceRoot": "",
    "sources": [
      "entry/src/main/ets/pages/settings/AboutPage.ets"
    ],
    "names": [],
    "mappings": ";;;;;MAGO,SAAS;IAFhB;;;;;;;KADA;;;;;;;;;;;IAIE;;YACE,MAAM,QAAC,EAAE,KAAK,EAAE,EAAE,EAAE;;YAApB,MAAM,CAkBJ,OAAO,CAAC,EAAE;;;YAjBV,IAAI,QAAC,WAAW;;YAAhB,IAAI,CACD,QAAQ,CAAC,EAAE;YADd,IAAI,CAED,UAAU,CAAC,UAAU,CAAC,IAAI;;QAF7B,IAAI;;YAIJ,IAAI,QAAC,WAAW;;;QAAhB,IAAI;;YACJ,IAAI,QAAC,mBAAmB;;;QAAxB,IAAI;;YACJ,IAAI,QAAC,2BAA2B;;;QAAhC,IAAI;;YAEJ,MAAM,iBAAC,OAAO;;YAAd,MAAM,CACH,OAAO,CAAC,GAAG,EAAE;gBACZ,OAAO,CAAC,GAAG,CAAC,QAAQ,CAAC,CAAA;YACvB,CAAC;;QAHH,MAAM;;YAKN,MAAM,iBAAC,MAAM;;YAAb,MAAM,CACH,OAAO,CAAC,GAAG,EAAE;gBACZ,OAAO,CAAC,GAAG,CAAC,QAAQ,CAAC,CAAA;YACvB,CAAC;;QAHH,MAAM;QAdR,MAAM;KAmBP",
    "entry-package-info": "entry|1.0.0"
  },
  "entry|entry|1.0.0|src/main/ets/pages/settings/AccountSecurity.ts": {
    "version": 3,
    "file": "AccountSecurity.ets",
    "sourceRoot": "",
    "sources": [
      "entry/src/main/ets/pages/settings/AccountSecurity.ets"
    ],
    "names": [],
    "mappings": ";;;;IAIS,UAAU,GAAE,MAAM;IAClB,WAAW,GAAE,MAAM;IACnB,YAAY,GAAE,OAAO;;MAHvB,eAAe;IAFtB;;;;;yDAG8B,sBAAsB;0DACrB,aAAa;2DACX,KAAK;;;KANtC;;;;;;;;;;;;;;;;;;;;;;;;;;IAIE,+CAAmB,MAAM,EAAyB;QAA3C,UAAU;;;QAAV,UAAU,WAAE,MAAM;;;IACzB,gDAAoB,MAAM,EAAgB;QAAnC,WAAW;;;QAAX,WAAW,WAAE,MAAM;;;IAC1B,iDAAqB,OAAO,EAAQ;QAA7B,YAAY;;;QAAZ,YAAY,WAAE,OAAO;;;IAE5B;;YACE,MAAM,QAAC,EAAE,KAAK,EAAE,EAAE,EAAE;;YAApB,MAAM,CAuBJ,OAAO,CAAC,EAAE;;;YAtBV,IAAI,QAAC,QAAQ,GAAG,IAAI,CAAC,UAAU;;;QAA/B,IAAI;;YACJ,IAAI,QAAC,SAAS,GAAG,IAAI,CAAC,WAAW;;;QAAjC,IAAI;;YAEJ,GAAG;;;;YACD,IAAI,QAAC,QAAQ;;;QAAb,IAAI;;YACJ,MAAM,QAAC,EAAE,IAAI,EAAE,UAAU,CAAC,MAAM,EAAE,IAAI,EAAE,IAAI,CAAC,YAAY,EAAE;;YAA3D,MAAM,CACH,QAAQ,CAAC,KAAK,CAAC,EAAE;gBAChB,IAAI,CAAC,YAAY,GAAG,KAAK,CAAA;gBACzB,OAAO,CAAC,GAAG,CAAC,QAAQ,EAAE,KAAK,CAAC,CAAA;YAC9B,CAAC;;QAJH,MAAM;QAFR,GAAG;;YAUH,MAAM,iBAAC,SAAS;;YAAhB,MAAM,CACH,OAAO,CAAC,GAAG,EAAE;gBACZ,OAAO,CAAC,GAAG,CAAC,SAAS,CAAC,CAAA;YACxB,CAAC;;QAHH,MAAM;;YAKN,MAAM,iBAAC,SAAS;;YAAhB,MAAM,CACH,OAAO,CAAC,GAAG,EAAE;gBACZ,OAAO,CAAC,GAAG,CAAC,SAAS,CAAC,CAAA;YACxB,CAAC;;QAHH,MAAM;QAnBR,MAAM;KAwBP",
    "entry-package-info": "entry|1.0.0"
  },
  "entry|entry|1.0.0|src/main/ets/pages/settings/ClearCache.ts": {
    "version": 3,
    "file": "ClearCache.ets",
    "sourceRoot": "",
    "sources": [
      "entry/src/main/ets/pages/settings/ClearCache.ets"
    ],
    "names": [],
    "mappings": ";;;;IAIS,WAAW,GAAE,OAAO;IACpB,UAAU,GAAE,OAAO;IACnB,UAAU,GAAE,OAAO;;MAHrB,UAAU;IAFjB;;;;;0DAGgC,IAAI;yDACL,IAAI;yDACJ,KAAK;;;KANpC;;;;;;;;;;;;;;;;;;;;;;;;;;IAIE,gDAAoB,OAAO,EAAO;QAA3B,WAAW;;;QAAX,WAAW,WAAE,OAAO;;;IAC3B,+CAAmB,OAAO,EAAO;QAA1B,UAAU;;;QAAV,UAAU,WAAE,OAAO;;;IAC1B,+CAAmB,OAAO,EAAQ;QAA3B,UAAU;;;QAAV,UAAU,WAAE,OAAO;;;IAE1B;;YACE,MAAM,QAAC,EAAE,KAAK,EAAE,EAAE,EAAE;;YAApB,MAAM,CAiCL,OAAO,CAAC,EAAE;;;YAhCT,IAAI,QAAC,cAAc;;;QAAnB,IAAI;;YAEJ,GAAG;;YAAH,GAAG,CAKF,cAAc,CAAC,SAAS,CAAC,YAAY;YALtC,GAAG,CAMF,UAAU,CAAC,aAAa,CAAC,MAAM;;;YAL9B,IAAI,QAAC,MAAM;;;QAAX,IAAI;;YACJ,MAAM,QAAC,EAAE,IAAI,EAAE,UAAU,CAAC,MAAM,EAAE,IAAI,EAAE,IAAI,CAAC,WAAW,EAAE;;YAA1D,MAAM,CACH,QAAQ,CAAC,KAAK,CAAC,EAAE,CAAC,IAAI,CAAC,WAAW,GAAG,KAAK;;QAD7C,MAAM;QAFR,GAAG;;YAQH,GAAG;;YAAH,GAAG,CAKF,cAAc,CAAC,SAAS,CAAC,YAAY;YALtC,GAAG,CAMF,UAAU,CAAC,aAAa,CAAC,MAAM;;;YAL9B,IAAI,QAAC,MAAM;;;QAAX,IAAI;;YACJ,MAAM,QAAC,EAAE,IAAI,EAAE,UAAU,CAAC,MAAM,EAAE,IAAI,EAAE,IAAI,CAAC,UAAU,EAAE;;YAAzD,MAAM,CACH,QAAQ,CAAC,KAAK,CAAC,EAAE,CAAC,IAAI,CAAC,UAAU,GAAG,KAAK;;QAD5C,MAAM;QAFR,GAAG;;YAQH,GAAG;;YAAH,GAAG,CAKF,cAAc,CAAC,SAAS,CAAC,YAAY;YALtC,GAAG,CAMF,UAAU,CAAC,aAAa,CAAC,MAAM;;;YAL9B,IAAI,QAAC,MAAM;;;QAAX,IAAI;;YACJ,MAAM,QAAC,EAAE,IAAI,EAAE,UAAU,CAAC,MAAM,EAAE,IAAI,EAAE,IAAI,CAAC,UAAU,EAAE;;YAAzD,MAAM,CACH,QAAQ,CAAC,KAAK,CAAC,EAAE,CAAC,IAAI,CAAC,UAAU,GAAG,KAAK;;QAD5C,MAAM;QAFR,GAAG;;YAQH,MAAM,iBAAC,MAAM;;YAAb,MAAM,CACH,IAAI,CAAC,UAAU,CAAC,MAAM;YADzB,MAAM,CAEH,OAAO,CAAC,GAAG,EAAE;gBACZ,OAAO,CAAC,GAAG,CAAC,WAAW,IAAI,CAAC,WAAW,QAAQ,IAAI,CAAC,UAAU,QAAQ,IAAI,CAAC,UAAU,EAAE,CAAC,CAAA;YAC1F,CAAC;;QAJH,MAAM;QA3BR,MAAM;KAkCP",
    "entry-package-info": "entry|1.0.0"
  },
  "entry|entry|1.0.0|src/main/ets/pages/settings/EyeCareMode.ts": {
    "version": 3,
    "file": "EyeCareMode.ets",
    "sourceRoot": "",
    "sources": [
      "entry/src/main/ets/pages/settings/EyeCareMode.ets"
    ],
    "names": [],
    "mappings": ";;;;IAIS,WAAW,GAAE,OAAO;IACpB,aAAa,GAAE,MAAM;IACrB,YAAY,GAAE,MAAM;;MAHtB,WAAW;IAFlB;;;;;0DAGgC,KAAK;4DACJ,EAAE;2DACH,EAAE;;;KANlC;;;;;;;;;;;;;;;;;;;;;;;;;;IAIE,gDAAoB,OAAO,EAAQ;QAA5B,WAAW;;;QAAX,WAAW,WAAE,OAAO;;;IAC3B,kDAAsB,MAAM,EAAK;QAA1B,aAAa;;;QAAb,aAAa,WAAE,MAAM;;;IAC5B,iDAAqB,MAAM,EAAK;QAAzB,YAAY;;;QAAZ,YAAY,WAAE,MAAM;;;IAE3B;;YACE,MAAM,QAAC,EAAE,KAAK,EAAE,EAAE,EAAE;;YAApB,MAAM,CA+BL,OAAO,CAAC,EAAE;;;YA9BT,GAAG;;YAAH,GAAG,CAQF,cAAc,CAAC,SAAS,CAAC,YAAY;YARtC,GAAG,CASF,UAAU,CAAC,aAAa,CAAC,MAAM;;;YAR9B,IAAI,QAAC,QAAQ;;;QAAb,IAAI;;YACJ,MAAM,QAAC,EAAE,IAAI,EAAE,UAAU,CAAC,MAAM,EAAE,IAAI,EAAE,IAAI,CAAC,WAAW,EAAE;;YAA1D,MAAM,CACH,QAAQ,CAAC,CAAC,CAAC,EAAE;gBACZ,IAAI,CAAC,WAAW,GAAG,CAAC,CAAA;gBACpB,OAAO,CAAC,GAAG,CAAC,OAAO,EAAE,CAAC,CAAC,CAAA;YACzB,CAAC;;QAJH,MAAM;QAFR,GAAG;;;YAWH,0BAA0B;YAC1B,IAAI,IAAI,CAAC,WAAW,EAAE;;;wBACpB,MAAM,QAAC,EAAE,KAAK,EAAE,EAAE,EAAE;;;;wBAClB,IAAI,QAAC,QAAQ,GAAG,IAAI,CAAC,aAAa,GAAG,GAAG;;;oBAAxC,IAAI;;wBACJ,MAAM,QAAC,EAAE,KAAK,EAAE,IAAI,CAAC,aAAa,EAAE,GAAG,EAAE,CAAC,EAAE,GAAG,EAAE,GAAG,EAAE;;wBAAtD,MAAM,CACH,QAAQ,CAAC,CAAC,CAAC,EAAE,CAAC,IAAI,CAAC,aAAa,GAAG,CAAC;;;wBAEvC,IAAI,QAAC,QAAQ,GAAG,IAAI,CAAC,YAAY,GAAG,GAAG;;;oBAAvC,IAAI;;wBACJ,MAAM,QAAC,EAAE,KAAK,EAAE,IAAI,CAAC,YAAY,EAAE,GAAG,EAAE,CAAC,EAAE,GAAG,EAAE,GAAG,EAAE;;wBAArD,MAAM,CACH,QAAQ,CAAC,CAAC,CAAC,EAAE,CAAC,IAAI,CAAC,YAAY,GAAG,CAAC;;oBAPxC,MAAM;;aASP;;;;aAAA;;;;YAED,MAAM,iBAAC,MAAM;;YAAb,MAAM,CACH,IAAI,CAAC,UAAU,CAAC,MAAM;YADzB,MAAM,CAEH,OAAO,CAAC,GAAG,EAAE;gBACZ,OAAO,CAAC,GAAG,CAAC,OAAO,IAAI,CAAC,aAAa,SAAS,IAAI,CAAC,YAAY,EAAE,CAAC,CAAA;YACpE,CAAC;;QAJH,MAAM;QAzBR,MAAM;KAgCP",
    "entry-package-info": "entry|1.0.0"
  },
  "entry|entry|1.0.0|src/main/ets/pages/settings/LogoutPage.ts": {
    "version": 3,
    "file": "LogoutPage.ets",
    "sourceRoot": "",
    "sources": [
      "entry/src/main/ets/pages/settings/LogoutPage.ets"
    ],
    "names": [],
    "mappings": ";;;;;OAAS,MAAM;MAKR,UAAU;IAFjB;;;;;;;KAHmC;;;;;;;;;;;IAMjC;;YACE,MAAM,QAAC,EAAE,KAAK,EAAE,EAAE,EAAC;;YAAnB,MAAM,CAmBL,OAAO,CAAC,EAAE;YAnBX,MAAM,CAoBL,UAAU,CAAC,eAAe,CAAC,MAAM;;;YAnBhC,IAAI,QAAC,aAAa;;YAAlB,IAAI,CACD,QAAQ,CAAC,EAAE;;QADd,IAAI;;YAGJ,GAAG,QAAC,EAAE,KAAK,EAAE,EAAE,EAAE;;;;YACf,MAAM,iBAAC,IAAI;;YAAX,MAAM,CACH,OAAO,CAAC,GAAG,EAAE;gBACZ,MAAM,CAAC,IAAI,EAAE,CAAA;YACf,CAAC;;QAHH,MAAM;;YAKN,MAAM,iBAAC,MAAM;;YAAb,MAAM,CACH,IAAI,CAAC,UAAU,CAAC,OAAO;YAD1B,MAAM,CAEH,OAAO,CAAC,GAAG,EAAE;gBACZ,sBAAsB;gBACtB,OAAO,CAAC,GAAG,CAAC,OAAO,CAAC,CAAA;gBACpB,MAAM,CAAC,UAAU,CAAC,EAAE,GAAG,EAAE,iBAAiB,EAAE,CAAC,CAAA;YAC/C,CAAC;;QANH,MAAM;QANR,GAAG;QAJL,MAAM;KAqBP",
    "entry-package-info": "entry|1.0.0"
  },
  "entry|entry|1.0.0|src/main/ets/pages/settings/NotificationSettings.ts": {
    "version": 3,
    "file": "NotificationSettings.ets",
    "sourceRoot": "",
    "sources": [
      "entry/src/main/ets/pages/settings/NotificationSettings.ets"
    ],
    "names": [],
    "mappings": ";;;;IAIS,aAAa,GAAE,OAAO;IACtB,aAAa,GAAE,OAAO;IACtB,YAAY,GAAE,OAAO;IACrB,WAAW,GAAE,OAAO;;MAJtB,oBAAoB;IAF3B;;;;;4DAGkC,IAAI;4DACJ,KAAK;2DACN,IAAI;0DACL,KAAK;;;KAPrC;;;;;;;;;;;;;;;;;;;;;;;;;;;;;;;IAIE,kDAAsB,OAAO,EAAO;QAA7B,aAAa;;;QAAb,aAAa,WAAE,OAAO;;;IAC7B,kDAAsB,OAAO,EAAQ;QAA9B,aAAa;;;QAAb,aAAa,WAAE,OAAO;;;IAC7B,iDAAqB,OAAO,EAAO;QAA5B,YAAY;;;QAAZ,YAAY,WAAE,OAAO;;;IAC5B,gDAAoB,OAAO,EAAQ;QAA5B,WAAW;;;QAAX,WAAW,WAAE,OAAO;;;IAE3B;;YACE,MAAM,QAAC,EAAE,KAAK,EAAE,EAAE,EAAE;;YAApB,MAAM,CAmCJ,OAAO,CAAC,EAAE;;;YAlCV,IAAI,QAAC,QAAQ;;;QAAb,IAAI;;YAEJ,GAAG;;;;YACD,IAAI,QAAC,MAAM;;;QAAX,IAAI;;YACJ,MAAM,QAAC,EAAE,IAAI,EAAE,UAAU,CAAC,MAAM,EAAE,IAAI,EAAE,IAAI,CAAC,aAAa,EAAE;;YAA5D,MAAM,CACH,QAAQ,CAAC,CAAC,CAAC,EAAE,CAAC,IAAI,CAAC,aAAa,GAAG,CAAC;;QADvC,MAAM;QAFR,GAAG;;YAMH,GAAG;;;;YACD,IAAI,QAAC,MAAM;;;QAAX,IAAI;;YACJ,MAAM,QAAC,EAAE,IAAI,EAAE,UAAU,CAAC,MAAM,EAAE,IAAI,EAAE,IAAI,CAAC,aAAa,EAAE;;YAA5D,MAAM,CACH,QAAQ,CAAC,CAAC,CAAC,EAAE,CAAC,IAAI,CAAC,aAAa,GAAG,CAAC;;QADvC,MAAM;QAFR,GAAG;;YAMH,OAAO;;;;YAEP,IAAI,QAAC,QAAQ;;;QAAb,IAAI;;YAEJ,GAAG;;;;YACD,IAAI,QAAC,QAAQ;;;QAAb,IAAI;;YACJ,MAAM,QAAC,EAAE,IAAI,EAAE,UAAU,CAAC,MAAM,EAAE,IAAI,EAAE,IAAI,CAAC,YAAY,EAAE;;YAA3D,MAAM,CACH,QAAQ,CAAC,CAAC,CAAC,EAAE,CAAC,IAAI,CAAC,YAAY,GAAG,CAAC;;QADtC,MAAM;QAFR,GAAG;;YAMH,GAAG;;;;YACD,IAAI,QAAC,MAAM;;;QAAX,IAAI;;YACJ,MAAM,QAAC,EAAE,IAAI,EAAE,UAAU,CAAC,MAAM,EAAE,IAAI,EAAE,IAAI,CAAC,WAAW,EAAE;;YAA1D,MAAM,CACH,QAAQ,CAAC,CAAC,CAAC,EAAE,CAAC,IAAI,CAAC,WAAW,GAAG,CAAC;;QADrC,MAAM;QAFR,GAAG;;YAMH,MAAM,iBAAC,MAAM;;YAAb,MAAM,CACH,OAAO,CAAC,GAAG,EAAE;gBACZ,OAAO,CAAC,GAAG,CAAC,SAAS,CAAC,CAAA;YACxB,CAAC;;QAHH,MAAM;QA/BR,MAAM;KAoCP",
    "entry-package-info": "entry|1.0.0"
  },
  "entry|entry|1.0.0|src/main/ets/pages/settings/ParentalControl.ts": {
    "version": 3,
    "file": "ParentalControl.ets",
    "sourceRoot": "",
    "sources": [
      "entry/src/main/ets/pages/settings/ParentalControl.ets"
    ],
    "names": [],
    "mappings": ";;;;IAIS,OAAO,GAAE,OAAO;IAChB,YAAY,GAAE,MAAM;IACpB,cAAc,GAAE,OAAO;;MAHzB,mBAAmB;IAF1B;;;;;sDAG4B,KAAK;2DACD,EAAE;6DACC,KAAK;;;KANxC;;;;;;;;;;;;;;;;;;;;;;;;;;IAIE,4CAAgB,OAAO,EAAS;QAAzB,OAAO;;;QAAP,OAAO,WAAE,OAAO;;;IACvB,iDAAqB,MAAM,EAAM;QAA1B,YAAY;;;QAAZ,YAAY,WAAE,MAAM;;;IAC3B,mDAAuB,OAAO,EAAS;QAAhC,cAAc;;;QAAd,cAAc,WAAE,OAAO;;;IAE9B;;YACE,MAAM,QAAC,EAAE,KAAK,EAAE,EAAE,EAAE;;YAApB,MAAM,CAwCJ,OAAO,CAAC,EAAE;;;;YAvCV,IAAI,CAAC,IAAI,CAAC,OAAO,EAAE;;;wBACjB,MAAM,QAAC,EAAE,KAAK,EAAE,EAAE,EAAE;;;;wBAClB,SAAS,QAAC,EAAE,WAAW,EAAE,SAAS,EAAE,IAAI,EAAE,IAAI,CAAC,YAAY,EAAE;;wBAA7D,SAAS,CACN,QAAQ,CAAC,CAAC,CAAC,EAAE,CAAC,IAAI,CAAC,YAAY,GAAG,CAAC;;;wBAEtC,MAAM,iBAAC,QAAQ;;wBAAf,MAAM,CACH,OAAO,CAAC,GAAG,EAAE;4BACZ,IAAI,IAAI,CAAC,YAAY,CAAC,IAAI,EAAE,KAAK,EAAE,EAAE;gCACnC,IAAI,CAAC,OAAO,GAAG,IAAI,CAAC;gCACpB,OAAO,CAAC,GAAG,CAAC,OAAO,EAAE,IAAI,CAAC,YAAY,CAAC,CAAC;6BACzC;iCAAM;gCACL,OAAO,CAAC,GAAG,CAAC,SAAS,CAAC,CAAC;6BACxB;wBACH,CAAC;;oBARH,MAAM;oBAJR,MAAM;;aAcP;iBAAM;;;wBACL,MAAM,QAAC,EAAE,KAAK,EAAE,EAAE,EAAE;;;;wBAClB,IAAI,QAAC,UAAU,GAAG,IAAI,CAAC,YAAY;;;oBAAnC,IAAI;;wBAEJ,GAAG;;wBAAH,GAAG,CAQF,cAAc,CAAC,SAAS,CAAC,YAAY;wBARtC,GAAG,CASF,UAAU,CAAC,aAAa,CAAC,MAAM;;;wBAR9B,IAAI,QAAC,QAAQ;;;oBAAb,IAAI;;wBACJ,MAAM,QAAC,EAAE,IAAI,EAAE,UAAU,CAAC,MAAM,EAAE,IAAI,EAAE,IAAI,CAAC,cAAc,EAAE;;wBAA7D,MAAM,CACH,QAAQ,CAAC,CAAC,CAAC,EAAE;4BACZ,IAAI,CAAC,cAAc,GAAG,CAAC,CAAC;4BACxB,OAAO,CAAC,GAAG,CAAC,OAAO,EAAE,CAAC,CAAC,CAAC;wBAC1B,CAAC;;oBAJH,MAAM;oBAFR,GAAG;;wBAWH,MAAM,iBAAC,MAAM;;wBAAb,MAAM,CACH,OAAO,CAAC,GAAG,EAAE;4BACZ,IAAI,CAAC,OAAO,GAAG,KAAK,CAAC;4BACrB,IAAI,CAAC,YAAY,GAAG,EAAE,CAAC;4BACvB,IAAI,CAAC,cAAc,GAAG,KAAK,CAAC;4BAC5B,OAAO,CAAC,GAAG,CAAC,OAAO,CAAC,CAAC;wBACvB,CAAC;;oBANH,MAAM;oBAdR,MAAM;;aAsBP;;;QAvCH,MAAM;KAyCP",
    "entry-package-info": "entry|1.0.0"
  },
  "entry|entry|1.0.0|src/main/ets/pages/settings/PersonalizedRecommend.ts": {
    "version": 3,
    "file": "PersonalizedRecommend.ets",
    "sourceRoot": "",
    "sources": [
      "entry/src/main/ets/pages/settings/PersonalizedRecommend.ets"
    ],
    "names": [],
    "mappings": ";;;;IAIS,SAAS,GAAE,OAAO;IAClB,YAAY,GAAE,MAAM,EAAE;IACtB,MAAM,GAAE,MAAM;;MAHhB,qBAAqB;IAF5B;;;;;wDAG8B,IAAI;2DACA,CAAC,IAAI,EAAE,IAAI,EAAE,IAAI,CAAC;qDAC1B,EAAE;;;KAN5B;;;;;;;;;;;;;;;;;;;;;;;;;;IAIE,8CAAkB,OAAO,EAAO;QAAzB,SAAS;;;QAAT,SAAS,WAAE,OAAO;;;IACzB,iDAAqB,MAAM,EAAE,EAAqB;QAA3C,YAAY;;;QAAZ,YAAY,WAAE,MAAM,EAAE;;;IAC7B,2CAAe,MAAM,EAAK;QAAnB,MAAM;;;QAAN,MAAM,WAAE,MAAM;;;IAErB;;YACE,MAAM,QAAC,EAAE,KAAK,EAAE,EAAE,EAAE;;YAApB,MAAM,CAuCJ,OAAO,CAAC,EAAE;;;YAtCV,GAAG;;YAAH,GAAG,CAKF,cAAc,CAAC,SAAS,CAAC,YAAY;YALtC,GAAG,CAMF,UAAU,CAAC,aAAa,CAAC,MAAM;;;YAL9B,IAAI,QAAC,SAAS;;;QAAd,IAAI;;YACJ,MAAM,QAAC,EAAE,IAAI,EAAE,UAAU,CAAC,MAAM,EAAE,IAAI,EAAE,IAAI,CAAC,SAAS,EAAE;;YAAxD,MAAM,CACH,QAAQ,CAAC,CAAC,CAAC,EAAE,CAAC,IAAI,CAAC,SAAS,GAAG,CAAC;;QADnC,MAAM;QAFR,GAAG;;;YAQH,IAAI,IAAI,CAAC,SAAS,EAAE;;;wBAClB,IAAI,QAAC,SAAS;;;oBAAd,IAAI;;wBAEJ,MAAM,QAAC,EAAE,KAAK,EAAE,EAAE,EAAE;;;;wBAClB,OAAO;;;;gCACL,GAAG,QAAC,EAAE,KAAK,EAAE,EAAE,EAAE;;;;gCACf,IAAI,QAAC,GAAG;;;4BAAR,IAAI;;gCACJ,MAAM,iBAAC,IAAI;;gCAAX,MAAM,CAAO,OAAO,CAAC,GAAG,EAAE;oCACxB,IAAI,CAAC,YAAY,GAAG,IAAI,CAAC,YAAY,CAAC,MAAM,CAAC,CAAC,CAAC,EAAE,CAAC,CAAC,KAAK,GAAG,CAAC,CAAA;gCAC9D,CAAC;;4BAFD,MAAM;4BAFR,GAAG;;2DADG,IAAI,CAAC,YAAY;;oBAAzB,OAAO;oBADT,MAAM;;wBAWN,GAAG,QAAC,EAAE,KAAK,EAAE,EAAE,EAAE;;;;wBACf,SAAS,QAAC,EAAE,WAAW,EAAE,OAAO,EAAE,IAAI,EAAE,IAAI,CAAC,MAAM,EAAE;;wBAArD,SAAS,CACN,QAAQ,CAAC,CAAC,CAAC,EAAE,CAAC,IAAI,CAAC,MAAM,GAAG,CAAC;;;wBAChC,MAAM,iBAAC,IAAI;;wBAAX,MAAM,CAAO,OAAO,CAAC,GAAG,EAAE;4BACxB,IAAI,IAAI,CAAC,MAAM,CAAC,IAAI,EAAE,IAAI,CAAC,IAAI,CAAC,YAAY,CAAC,QAAQ,CAAC,IAAI,CAAC,MAAM,CAAC,IAAI,EAAE,CAAC,EAAE;gCACzE,IAAI,CAAC,YAAY,CAAC,IAAI,CAAC,IAAI,CAAC,MAAM,CAAC,IAAI,EAAE,CAAC,CAAA;gCAC1C,IAAI,CAAC,MAAM,GAAG,EAAE,CAAA;6BACjB;wBACH,CAAC;;oBALD,MAAM;oBAHR,GAAG;;aAUJ;;;;aAAA;;;;YAED,MAAM,iBAAC,MAAM;;YAAb,MAAM,CACH,OAAO,CAAC,GAAG,EAAE;gBACZ,OAAO,CAAC,GAAG,CAAC,YAAY,8BAAE,IAAI,CAAC,YAAY,EAAC,CAAA;YAC9C,CAAC;;QAHH,MAAM;QAnCR,MAAM;KAwCP",
    "entry-package-info": "entry|1.0.0"
  },
  "entry|entry|1.0.0|src/main/ets/pages/settings/PrivacyList.ts": {
    "version": 3,
    "file": "PrivacyList.ets",
    "sourceRoot": "",
    "sources": [
      "entry/src/main/ets/pages/settings/PrivacyList.ets"
    ],
    "names": [],
    "mappings": ";;;;;MAGO,WAAW;IAFlB;;;;;;;KADA;;;;;;;;;;;IAIE;;YACE,MAAM,QAAC,EAAE,KAAK,EAAE,EAAE,EAAE;;YAApB,MAAM,CAYJ,OAAO,CAAC,EAAE;;;YAXV,IAAI,QAAC,aAAa;;;QAAlB,IAAI;;YACJ,IAAI,QAAC,aAAa;;;QAAlB,IAAI;;YACJ,IAAI,QAAC,eAAe;;;QAApB,IAAI;;YACJ,IAAI,QAAC,SAAS;;;QAAd,IAAI;;YAEJ,IAAI,QAAC,OAAO;;;QAAZ,IAAI;;YACJ,IAAI,QAAC,aAAa;;;QAAlB,IAAI;;YACJ,IAAI,QAAC,UAAU;;;QAAf,IAAI;;YACJ,IAAI,QAAC,aAAa;;;QAAlB,IAAI;;YAEJ,IAAI,QAAC,uBAAuB;;;QAA5B,IAAI;QAXN,MAAM;KAaP",
    "entry-package-info": "entry|1.0.0"
  },
  "entry|entry|1.0.0|src/main/ets/pages/settings/ProfileSettings.ts": {
    "version": 3,
    "file": "ProfileSettings.ets",
    "sourceRoot": "",
    "sources": [
      "entry/src/main/ets/pages/settings/ProfileSettings.ets"
    ],
    "names": [],
    "mappings": ";;;;IAIS,QAAQ,GAAE,MAAM;IAChB,KAAK,GAAE,MAAM;IACb,KAAK,GAAE,MAAM;IACb,KAAK,GAAE,MAAM;IACb,SAAS,GAAE,MAAM;;MALnB,eAAe;IAFtB;;;;;uDAG4B,IAAI;oDACP,sBAAsB;oDACtB,aAAa;oDACb,EAAE;wDACE,4BAA4B;;;KARzD;;;;;;;;;;;;;;;;;;;;;;;;;;;;;;;;;;;;IAIE,6CAAiB,MAAM,EAAO;QAAvB,QAAQ;;;QAAR,QAAQ,WAAE,MAAM;;;IACvB,0CAAc,MAAM,EAAyB;QAAtC,KAAK;;;QAAL,KAAK,WAAE,MAAM;;;IACpB,0CAAc,MAAM,EAAgB;QAA7B,KAAK;;;QAAL,KAAK,WAAE,MAAM;;;IACpB,0CAAc,MAAM,EAAK;QAAlB,KAAK;;;QAAL,KAAK,WAAE,MAAM;;;IACpB,8CAAkB,MAAM,EAA+B;QAAhD,SAAS;;;QAAT,SAAS,WAAE,MAAM;;;IAExB;;YACE,MAAM,QAAC,EAAE,KAAK,EAAE,EAAE,EAAE;;YAApB,MAAM,CA+BJ,OAAO,CAAC,EAAE;;;YA9BV,KAAK,QAAC,IAAI,CAAC,SAAS;;YAApB,KAAK,CACF,KAAK,CAAC,GAAG;YADZ,KAAK,CAEF,MAAM,CAAC,GAAG;YAFb,KAAK,CAGF,YAAY,CAAC,EAAE;YAHlB,KAAK,CAIF,OAAO,CAAC,GAAG,EAAE;gBACZ,OAAO,CAAC,GAAG,CAAC,UAAU,CAAC,CAAA;YACzB,CAAC;;;YAEH,SAAS,QAAC,EAAE,WAAW,EAAE,KAAK,EAAE,IAAI,EAAE,IAAI,CAAC,QAAQ,EAAE;;YAArD,SAAS,CACN,QAAQ,CAAC,CAAC,KAAK,EAAE,MAAM,EAAE,EAAE,CAAC,IAAI,CAAC,QAAQ,GAAG,KAAK;;;YAEpD,SAAS,QAAC,EAAE,WAAW,EAAE,IAAI,EAAE,IAAI,EAAE,IAAI,CAAC,KAAK,EAAE;;YAAjD,SAAS,CACN,QAAQ,CAAC,CAAC,KAAK,EAAE,MAAM,EAAE,EAAE,CAAC,IAAI,CAAC,KAAK,GAAG,KAAK;;;YAEjD,SAAS,QAAC,EAAE,WAAW,EAAE,KAAK,EAAE,IAAI,EAAE,IAAI,CAAC,KAAK,EAAE;;YAAlD,SAAS,CACN,QAAQ,CAAC,CAAC,KAAK,EAAE,MAAM,EAAE,EAAE,CAAC,IAAI,CAAC,KAAK,GAAG,KAAK;;;YAEjD,SAAS,QAAC,EAAE,WAAW,EAAE,MAAM,EAAE,IAAI,EAAE,IAAI,CAAC,KAAK,EAAE;;YAAnD,SAAS,CACN,QAAQ,CAAC,CAAC,KAAK,EAAE,MAAM,EAAE,EAAE,CAAC,IAAI,CAAC,KAAK,GAAG,KAAK;;;YAEjD,MAAM,iBAAC,MAAM;;YAAb,MAAM,CACH,OAAO,CAAC,GAAG,EAAE;gBACZ,OAAO,CAAC,GAAG,CAAC,UAAU,CAAC,CAAA;YACzB,CAAC;;QAHH,MAAM;;YAKN,MAAM,iBAAC,IAAI;;YAAX,MAAM,CACH,IAAI,CAAC,UAAU,CAAC,OAAO;YAD1B,MAAM,CAEH,OAAO,CAAC,GAAG,EAAE;gBACZ,OAAO,CAAC,GAAG,CAAC,QAAQ,CAAC,CAAA;YACvB,CAAC;;QAJH,MAAM;QA1BR,MAAM;KAgCP",
    "entry-package-info": "entry|1.0.0"
  },
  "entry|entry|1.0.0|src/main/ets/pages/settings/SystemSettingsPage.ts": {
    "version": 3,
    "file": "SystemSettingsPage.ets",
    "sourceRoot": "",
    "sources": [
      "entry/src/main/ets/pages/settings/SystemSettingsPage.ets"
    ],
    "names": [],
    "mappings": ";;;;;OAEO,EAAE,MAAM,EAAE;OACV,EAAE,WAAW,EAAE;MAIf,kBAAkB;IAFzB;;;;;;;KAF8D;;;;;;;;;;;IAK5D;;YACE,MAAM;;YAAN,MAAM,CAgDL,MAAM,CAAC,MAAM;;;YA/CZ,WAAW;YACT,IAAI,QAAC,MAAM;;YADb,WAAW;YACT,IAAI,CACD,QAAQ,CAAC,EAAE;YAFhB,WAAW;YACT,IAAI,CAED,UAAU,CAAC,UAAU,CAAC,IAAI;YAH/B,WAAW;YACT,IAAI,CAGD,OAAO,CAAC;gBACP,GAAG,EAAE,EAAE;gBACP,MAAM,EAAE,EAAE;gBACV,IAAI,EAAE,EAAE;gBACR,KAAK,EAAE,EAAE;aACV;;QATL,WAAW;QACT,IAAI;;YASN,MAAM;;YAAN,MAAM,CAmCL,YAAY,CAAC,CAAC;;;YAlCb,MAAM;;YAAN,MAAM,CA+BL,OAAO,CAAC,EAAE,IAAI,EAAE,EAAE,EAAE,KAAK,EAAE,EAAE,EAAE,MAAM,EAAE,EAAE,EAAE;YA/B5C,MAAM,CAgCL,KAAK,CAAC,MAAM;;;YA/BX,iBAAiB;YACjB,MAAM;;YADN,iBAAiB;YACjB,MAAM,CAKL,OAAO,CAAC,EAAE,MAAM,EAAE,EAAE,EAAE;YANvB,iBAAiB;YACjB,MAAM,CAML,KAAK,CAAC,MAAM;;;;;4CALX,WAAW,OAAC,EAAE,KAAK,EAAE,MAAM,EAAE,KAAK,EAAE,MAAM,CAAC,OAAO,EAAE;;;;4BAAtC,KAAK,EAAE,MAAM;4BAAE,KAAK,EAAE,MAAM,CAAC,OAAO;;;;;;;wBAApC,KAAK,EAAE,MAAM,EAAE,KAAK,EAAE,MAAM,CAAC,OAAO;;;;;;;;4CAClD,WAAW,OAAC,EAAE,KAAK,EAAE,OAAO,EAAE,KAAK,EAAE,MAAM,CAAC,OAAO,EAAE;;;;4BAAvC,KAAK,EAAE,OAAO;4BAAE,KAAK,EAAE,MAAM,CAAC,OAAO;;;;;;;wBAArC,KAAK,EAAE,OAAO,EAAE,KAAK,EAAE,MAAM,CAAC,OAAO;;;;;;;;4CACnD,WAAW,OAAC,EAAE,KAAK,EAAE,MAAM,EAAE,KAAK,EAAE,MAAM,CAAC,MAAM,EAAE;;;;4BAArC,KAAK,EAAE,MAAM;4BAAE,KAAK,EAAE,MAAM,CAAC,MAAM;;;;;;;wBAAnC,KAAK,EAAE,MAAM,EAAE,KAAK,EAAE,MAAM,CAAC,MAAM;;;;;QAJnD,iBAAiB;QACjB,MAAM;;YAQN,iBAAiB;YACjB,MAAM;;YADN,iBAAiB;YACjB,MAAM,CAML,OAAO,CAAC,EAAE,MAAM,EAAE,EAAE,EAAE;YAPvB,iBAAiB;YACjB,MAAM,CAOL,KAAK,CAAC,MAAM;;;;;4CANX,WAAW,OAAC,EAAE,KAAK,EAAE,MAAM,EAAE,KAAK,EAAE,MAAM,CAAC,OAAO,EAAE;;;;4BAAtC,KAAK,EAAE,MAAM;4BAAE,KAAK,EAAE,MAAM,CAAC,OAAO;;;;;;;wBAApC,KAAK,EAAE,MAAM,EAAE,KAAK,EAAE,MAAM,CAAC,OAAO;;;;;;;;4CAClD,WAAW,OAAC,EAAE,KAAK,EAAE,MAAM,EAAE,KAAK,EAAE,MAAM,CAAC,MAAM,EAAE;;;;4BAArC,KAAK,EAAE,MAAM;4BAAE,KAAK,EAAE,MAAM,CAAC,MAAM;;;;;;;wBAAnC,KAAK,EAAE,MAAM,EAAE,KAAK,EAAE,MAAM,CAAC,MAAM;;;;;;;;4CACjD,WAAW,OAAC,EAAE,KAAK,EAAE,MAAM,EAAE,KAAK,EAAE,MAAM,CAAC,KAAK,EAAE;;;;4BAApC,KAAK,EAAE,MAAM;4BAAE,KAAK,EAAE,MAAM,CAAC,KAAK;;;;;;;wBAAlC,KAAK,EAAE,MAAM,EAAE,KAAK,EAAE,MAAM,CAAC,KAAK;;;;;;;;4CAChD,WAAW,OAAC,EAAE,KAAK,EAAE,OAAO,EAAE,KAAK,EAAE,MAAM,CAAC,SAAS,EAAE;;;;4BAAzC,KAAK,EAAE,OAAO;4BAAE,KAAK,EAAE,MAAM,CAAC,SAAS;;;;;;;wBAAvC,KAAK,EAAE,OAAO,EAAE,KAAK,EAAE,MAAM,CAAC,SAAS;;;;;QALvD,iBAAiB;QACjB,MAAM;;YASN,kBAAkB;YAClB,MAAM;;YADN,kBAAkB;YAClB,MAAM,CAOL,OAAO,CAAC,EAAE,MAAM,EAAE,EAAE,EAAE;YARvB,kBAAkB;YAClB,MAAM,CAQL,KAAK,CAAC,MAAM;;;;;4CAPX,WAAW,OAAC,EAAE,KAAK,EAAE,IAAI,EAAE,KAAK,EAAE,MAAM,CAAC,KAAK,EAAE;;;;4BAAlC,KAAK,EAAE,IAAI;4BAAE,KAAK,EAAE,MAAM,CAAC,KAAK;;;;;;;wBAAhC,KAAK,EAAE,IAAI,EAAE,KAAK,EAAE,MAAM,CAAC,KAAK;;;;;;;;4CAC9C,WAAW,OAAC,EAAE,KAAK,EAAE,UAAU,EAAE,KAAK,EAAE,MAAM,CAAC,OAAO,EAAE;;;;4BAA1C,KAAK,EAAE,UAAU;4BAAE,KAAK,EAAE,MAAM,CAAC,OAAO;;;;;;;wBAAxC,KAAK,EAAE,UAAU,EAAE,KAAK,EAAE,MAAM,CAAC,OAAO;;;;;;;;4CACtD,WAAW,OAAC,EAAE,KAAK,EAAE,WAAW,EAAE,KAAK,EAAE,MAAM,CAAC,KAAK,EAAE;;;;4BAAzC,KAAK,EAAE,WAAW;4BAAE,KAAK,EAAE,MAAM,CAAC,KAAK;;;;;;;wBAAvC,KAAK,EAAE,WAAW,EAAE,KAAK,EAAE,MAAM,CAAC,KAAK;;;;;;;;4CACrD,WAAW,OAAC,EAAE,KAAK,EAAE,MAAM,EAAE,KAAK,EAAE,MAAM,CAAC,MAAM,EAAE,aAAa,EAAE,IAAI,EAAE;;;;4BAA1D,KAAK,EAAE,MAAM;4BAAE,KAAK,EAAE,MAAM,CAAC,MAAM;4BAAE,aAAa,EAAE,IAAI;;;;;;;wBAAxD,KAAK,EAAE,MAAM,EAAE,KAAK,EAAE,MAAM,CAAC,MAAM,EAAE,aAAa,EAAE,IAAI;;;;;QALxE,kBAAkB;QAClB,MAAM;QArBR,MAAM;QADR,MAAM;QAXR,MAAM;KAiDP",
    "entry-package-info": "entry|1.0.0"
  },
  "entry|entry|1.0.0|src/main/ets/pages/settings/ThirdPartyShare.ts": {
    "version": 3,
    "file": "ThirdPartyShare.ets",
    "sourceRoot": "",
    "sources": [
      "entry/src/main/ets/pages/settings/ThirdPartyShare.ets"
    ],
    "names": [],
    "mappings": ";;;;;MAGO,eAAe;IAFtB;;;;;;;KADA;;;;;;;;;;;IAIE;;YACE,MAAM,QAAC,EAAE,KAAK,EAAE,EAAE,EAAE;;YAApB,MAAM,CAYJ,OAAO,CAAC,EAAE;;;YAXV,IAAI,QAAC,eAAe;;;QAApB,IAAI;;YAEJ,IAAI,QAAC,0BAA0B;;;QAA/B,IAAI;;YACJ,IAAI,QAAC,uBAAuB;;;QAA5B,IAAI;;YACJ,IAAI,QAAC,uBAAuB;;;QAA5B,IAAI;;YAEJ,IAAI,QAAC,qBAAqB;;;QAA1B,IAAI;;YACJ,MAAM,iBAAC,SAAS;;YAAhB,MAAM,CACH,OAAO,CAAC,GAAG,EAAE;gBACZ,OAAO,CAAC,GAAG,CAAC,UAAU,CAAC,CAAA;YACzB,CAAC;;QAHH,MAAM;QARR,MAAM;KAaP",
    "entry-package-info": "entry|1.0.0"
  },
  "entry|entry|1.0.0|src/main/ets/pages/Study.ts": {
    "version": 3,
    "file": "Study.ets",
    "sourceRoot": "",
    "sources": [
      "entry/src/main/ets/pages/Study.ets"
    ],
    "names": [],
    "mappings": ";;;;IAOS,UAAU,GAAE,MAAM;;OAPlB,YAAY;OAAE,EAAA,aAAa,IAAb,aAAa,EAAA;OAAE,EAAA,SAAS,IAAT,SAAS,EAAA;OAEtC,MAAM;AAGf,MAAM,CAAC,OAAO,OAAQ,MAAM;IAF5B;;;;;yDAI8B,CAAC,CAAC,gBAAgB;;;;KALb;;;;;;;;;;;;;;;;IAKjC,+CAAmB,MAAM,EAAI,CAAC,gBAAgB;QAAvC,UAAU;;;QAAV,UAAU,WAAE,MAAM;;;IACzB;;YAEE,MAAM;;YAAN,MAAM,CA2FL,KAAK,CAAC,MAAM;;;YAzFX,MAAM;;YAAN,MAAM,CAuFL,KAAK,CAAC,MAAM;;;;;4CArFX,SAAS,OAAC;wBACR,YAAY,EAAE,YAAY;wBAC1B,aAAa,EAAE,aAAa,CAAC,UAAU;wBACvC,aAAa,EAAE,CAAC;gCACd,KAAK,EAAE,KAAK;gCACZ,MAAM,EAAE,GAAG,EAAE;oCACX,YAAY,CAAC,SAAS,CAAC,EAAE,OAAO,EAAE,MAAM,EAAE,CAAC,CAAC;gCAC9C,CAAC;6BACF,CAAC;qBACH;;;;4BARC,YAAY,EAAE,YAAY;4BAC1B,aAAa,EAAE,aAAa,CAAC,UAAU;4BACvC,aAAa,EAAE,CAAC;oCACd,KAAK,EAAE,KAAK;oCACZ,MAAM,EAAE,GAAG,EAAE;wCACX,YAAY,CAAC,SAAS,CAAC,EAAE,OAAO,EAAE,MAAM,EAAE,CAAC,CAAC;oCAC9C,CAAC;iCACF,CAAC;;;;;;;wBAPF,YAAY,EAAE,YAAY;wBAC1B,aAAa,EAAE,aAAa,CAAC,UAAU;;;;;;YAQzC,IAAI,QAAC,MAAM;;YAAX,IAAI,CAAS,QAAQ,CAAC,EAAE;YAAxB,IAAI,CAAsB,KAAK,CAAC,KAAK;;QAArC,IAAI;;YACN,MAAM;;YAAN,MAAM,CAyBP,KAAK,CAAC,MAAM;YAzBX,MAAM,CA0BH,MAAM,CACL;gBACE,OAAO,EAAC,CAAC;gBACT,OAAO,EAAC,CAAC;gBACT,KAAK,EAAC,KAAK,CAAC,IAAI;gBAChB,MAAM,EAAC,EAAE;aACV;;;YA9BH,KAAK,2CAAU,iBAAiB;;;;YAChC,MAAM,QAAC,EAAC,KAAK,EAAC,CAAC,EAAC;;YAAhB,MAAM,CAaN,KAAK,CAAC,MAAM;YAbZ,MAAM,CAcL,MAAM,CACL;gBACE,OAAO,EAAC,CAAC;gBACT,OAAO,EAAC,CAAC;gBACT,KAAK,EAAC,KAAK,CAAC,KAAK;gBACjB,MAAM,EAAC,EAAE;aACV;;;YAlBD,IAAI,QAAC,eAAe;;YAApB,IAAI,CAAkB,QAAQ,CAAC,EAAE;;QAAjC,IAAI;;YACJ,GAAG;;YAAH,GAAG,CAKF,KAAK,CAAC,KAAK;YALZ,GAAG,CAMF,UAAU,CAAC,aAAa,CAAC,MAAM;YANhC,GAAG,CAOF,cAAc,CAAC,SAAS,CAAC,YAAY;;;YALpC,IAAI,QAAC,SAAS;;YAAd,IAAI,CAAY,QAAQ,CAAC,EAAE;YAA3B,IAAI,CAAyB,SAAS,CAAC,QAAQ;;QAA/C,IAAI;;YACJ,IAAI,QAAC,MAAM;;YAAX,IAAI,CAAS,QAAQ,CAAC,EAAE;YAAxB,IAAI,CAAsB,SAAS,CAAC,QAAQ;;QAA5C,IAAI;QAHN,GAAG;;YAQH,MAAM,iBAAC,MAAM,EAAC,EAAE,WAAW,EAAC,eAAe,CAAC,UAAU,EAAE;;YAAxD,MAAM,CAAoD,KAAK,CAAC,KAAK;;QAArE,MAAM;QAXR,MAAM;QAHR,MAAM;;YAkCJ,MAAM;YACN,GAAG;;YADH,MAAM;YACN,GAAG,CA2BF,KAAK,CAAC,MAAM;YA5Bb,MAAM;YACN,GAAG,CA4BF,YAAY,CAAC,CAAC;YA7Bf,MAAM;YACN,GAAG,CA6BF,MAAM,CAAC,EAAE,MAAM,EAAE,EAAE,EAAE;YA9BtB,MAAM;YACN,GAAG,CA8BF,cAAc,CAAC,SAAS,CAAC,YAAY;;;YA7BpC,IAAI,QAAC,MAAM;;YAAX,IAAI,CACD,QAAQ,CAAC,EAAE;YADd,IAAI,CAED,UAAU,CAAC,UAAU,CAAC,IAAI;YAF7B,IAAI,CAGD,MAAM,CAAC,EAAE,GAAG,EAAE,EAAE,EAAE,MAAM,EAAE,EAAE,EAAE;;QAHjC,IAAI;;YAIF,8BAA8B;YAChC,GAAG;;;;YAED,MAAM,iBAAC,MAAM;;YAAb,MAAM,CACH,KAAK,CAAC,KAAK;YADd,MAAM,CAEH,MAAM,CAAC,EAAE;YAFZ,MAAM,CAGH,SAAS,CAAC,IAAI,CAAC,UAAU,KAAK,CAAC,CAAC,CAAC,CAAC,KAAK,CAAC,KAAK,CAAC,CAAC,CAAC,KAAK,CAAC,KAAK;YAH9D,MAAM,CAIH,eAAe,CAAC,IAAI,CAAC,UAAU,KAAK,CAAC,CAAC,CAAC,CAAC,SAAS,CAAC,CAAC,CAAC,SAAS;YAJhE,MAAM,CAKH,OAAO,CAAC,GAAG,EAAE;gBACZ,IAAI,CAAC,UAAU,GAAG,CAAC,CAAA;YACrB,CAAC;;QAPH,MAAM;;YASN,MAAM,iBAAC,MAAM;;YAAb,MAAM,CACH,KAAK,CAAC,KAAK;YADd,MAAM,CAEH,MAAM,CAAC,EAAE;YAFZ,MAAM,CAGH,SAAS,CAAC,IAAI,CAAC,UAAU,KAAK,CAAC,CAAC,CAAC,CAAC,KAAK,CAAC,KAAK,CAAC,CAAC,CAAC,KAAK,CAAC,KAAK;YAH9D,MAAM,CAIH,eAAe,CAAC,IAAI,CAAC,UAAU,KAAK,CAAC,CAAC,CAAC,CAAC,SAAS,CAAC,CAAC,CAAC,SAAS;YAJhE,MAAM,CAKH,OAAO,CAAC,GAAG,EAAE;gBACZ,IAAI,CAAC,UAAU,GAAG,CAAC,CAAA;YACrB,CAAC;;QAPH,MAAM;QAZN,8BAA8B;QAChC,GAAG;QAPL,MAAM;QACN,GAAG;;;YA+BH,OAAO;YACP,IAAI,IAAI,CAAC,UAAU,KAAK,CAAC,EAAE;;oBACzB,IAAI,CAAC,kBAAkB,aAAE;;aAC1B;iBAAM;;oBACL,IAAI,CAAC,kBAAkB,aAAE;;aAC1B;;;QApFH,MAAM;QAFR,MAAM;KA4FP;IACD,SAAS;IAET,kBAAkB;;YAChB,MAAM;;;QACJ,IAAI,CAAC,UAAU,YAAC,WAAW,EAAE,WAAW,EAAE,QAAQ,EAAE,KAAK,CAAC;QAC1D,IAAI,CAAC,UAAU,YAAC,WAAW,EAAE,eAAe,EAAE,QAAQ,EAAE,KAAK,CAAC;QAC9D,IAAI,CAAC,UAAU,YAAC,WAAW,EAAC,WAAW,EAAC,QAAQ,EAAC,KAAK,CAAC;QACvD,IAAI,CAAC,UAAU,YAAC,WAAW,EAAC,QAAQ,EAAC,QAAQ,EAAC,KAAK,CAAC;QAJtD,MAAM;KAMP;IAED,SAAS;IAET,kBAAkB;;YAChB,MAAM;;YAAN,MAAM,CAKL,OAAO,CAAC,GAAE,EAAE,GAAC,IAAI,CAAC,UAAU,EAAE,CAAA,CAAA,CAAC;;QAJ9B,IAAI,CAAC,UAAU,YAAC,WAAW,EAAE,cAAc,EAAE,KAAK,EAAE,EAAE,CAAC;QACvD,IAAI,CAAC,UAAU,YAAC,WAAW,EAAE,QAAQ,EAAE,KAAK,EAAE,EAAE,CAAC;QACjD,IAAI,CAAC,UAAU,YAAC,OAAO,EAAC,WAAW,EAAC,KAAK,EAAC,EAAE,CAAC;QAH/C,MAAM;KAMP;IAED,QAAQ;IAER,UAAU,CAAC,KAAK,EAAE,MAAM,EAAE,KAAK,EAAE,MAAM,EAAE,QAAQ,EAAE,MAAM,EAAE,QAAQ,EAAE,MAAM;;YACzE,GAAG;;YAAH,GAAG,CAoCF,KAAK,CAAC,MAAM;YApCb,GAAG,CAqCF,OAAO,CAAC,EAAE;YArCX,GAAG,CAsCF,MAAM,CAAC,EAAE,MAAM,EAAE,EAAE,EAAE;YAtCtB,GAAG,CAuCF,eAAe,CAAC,SAAS;YAvC1B,GAAG,CAwCF,YAAY,CAAC,CAAC;;;YAvCb,OAAO;YACP,KAAK,2CAAU,gBAAgB;;YAD/B,OAAO;YACP,KAAK,CACF,KAAK,CAAC,EAAE;YAFX,OAAO;YACP,KAAK,CAEF,MAAM,CAAC,EAAE;YAHZ,OAAO;YACP,KAAK,CAGF,SAAS,CAAC,QAAQ,CAAC,KAAK;YAJ3B,OAAO;YACP,KAAK,CAIF,YAAY,CAAC,CAAC;;;YAEjB,OAAO;YACP,MAAM;;YADN,OAAO;YACP,MAAM,CAwBL,MAAM,CAAC,EAAE,IAAI,EAAE,EAAE,EAAE;YAzBpB,OAAO;YACP,MAAM,CAyBL,UAAU,CAAC,eAAe,CAAC,KAAK;;;YAxB/B,IAAI,QAAC,KAAK;;YAAV,IAAI,CACD,QAAQ,CAAC,EAAE;YADd,IAAI,CAED,UAAU,CAAC,UAAU,CAAC,MAAM;YAF/B,IAAI,CAGD,MAAM,CAAC,EAAE,MAAM,EAAE,CAAC,EAAE;;QAHvB,IAAI;;YAKJ,IAAI,QAAC,QAAQ;;YAAb,IAAI,CACD,QAAQ,CAAC,EAAE;YADd,IAAI,CAED,SAAS,CAAC,SAAS;;QAFtB,IAAI;;;YAIJ,IAAI,QAAQ,EAAE;;;wBACZ,GAAG;;wBAAH,GAAG,CASF,KAAK,CAAC,MAAM;wBATb,GAAG,CAUF,MAAM,CAAC,EAAE,GAAG,EAAE,CAAC,EAAE;;;wBAThB,QAAQ,QAAC,EAAE,KAAK,EAAE,QAAQ,CAAC,QAAQ,CAAC,EAAE,KAAK,EAAE,GAAG,EAAE,IAAI,EAAE,YAAY,CAAC,MAAM,EAAE;;wBAA7E,QAAQ,CACL,KAAK,CAAC,KAAK;wBADd,QAAQ,CAEL,MAAM,CAAC,CAAC;;;wBAEX,IAAI,QAAC,QAAQ;;wBAAb,IAAI,CACD,QAAQ,CAAC,EAAE;wBADd,IAAI,CAED,MAAM,CAAC,EAAE,IAAI,EAAE,CAAC,EAAE;;oBAFrB,IAAI;oBALN,GAAG;;aAWJ;;;;aAAA;;;QAvBH,OAAO;QACP,MAAM;QATR,GAAG;KAyCJ;IACD,UAAU;QAER,MAAM,CAAC,OAAO,CACZ;YACE,GAAG,EAAC,eAAe;SACpB,CACF,CAAA;IACH,CAAC",
    "entry-package-info": "entry|1.0.0"
  }
}