[{"time":"2025-06-07T01:40:58.613Z","category":"etsTransform","level":"warn","msg":"\u001b[33mArkTS:WARN File: C:/Users/lg1/Desktop/NewestApplication/MyApplication/entry/src/main/ets/pages/My.ets:3:1\n It's not a recommended way to export struct with @Entry decorator, which may cause ACE Engine error in component preview mode.","type":"plugin_log","fileId":"C:/Users/lg1/Desktop/NewestApplication/MyApplication/entry/src/main/ets/pages/My.ets"},{"time":"2025-06-07T01:40:58.678Z","category":"etsTransform","level":"warn","msg":"\u001b[33mArkTS:WARN File: C:/Users/lg1/Desktop/NewestApplication/MyApplication/entry/src/main/ets/pages/Study.ets:4:1\n It's not a recommended way to export struct with @Entry decorator, which may cause ACE Engine error in component preview mode.","type":"plugin_log","fileId":"C:/Users/lg1/Desktop/NewestApplication/MyApplication/entry/src/main/ets/pages/Study.ets"},{"time":"2025-06-07T01:40:58.736Z","category":"etsTransform","level":"warn","msg":"\u001b[33mArkTS:WARN File: C:/Users/lg1/Desktop/NewestApplication/MyApplication/entry/src/main/ets/pages/SearchClass.ets:16:1\n It's not a recommended way to export struct with @Entry decorator, which may cause ACE Engine error in component preview mode.","type":"plugin_log","fileId":"C:/Users/lg1/Desktop/NewestApplication/MyApplication/entry/src/main/ets/pages/SearchClass.ets"},{"time":"2025-06-07T01:40:58.812Z","category":"etsTransform","level":"warn","msg":"\u001b[33mArkTS:WARN File: C:/Users/lg1/Desktop/NewestApplication/MyApplication/entry/src/main/ets/pages/PersonInformation.ets:2:1\n It's not a recommended way to export struct with @Entry decorator, which may cause ACE Engine error in component preview mode.","type":"plugin_log","fileId":"C:/Users/lg1/Desktop/NewestApplication/MyApplication/entry/src/main/ets/pages/PersonInformation.ets"},{"time":"2025-06-07T01:40:59.148Z","category":"etsTransform","level":"warn","msg":"\u001b[33mArkTS:WARN File: C:/Users/lg1/Desktop/NewestApplication/MyApplication/entry/src/main/ets/pages/FirstPage.ets:4:1\n It's not a recommended way to export struct with @Entry decorator, which may cause ACE Engine error in component preview mode.","type":"plugin_log","fileId":"C:/Users/lg1/Desktop/NewestApplication/MyApplication/entry/src/main/ets/pages/FirstPage.ets"}]